Nr. crt.,Numele padurii virgine si/sau cvasivirgine,"Fundamentat in baza Amenaj silvic, editia","Fundamentat in baza Studiu de fundam, editia",Tipul de proprietate,Latitude,Longitude,Altitudine min,Altitudine max,Localizare administrativa Judet,Detinator Admin OS/OSP,UP,u.a.,TP,S (ha),din care: suprafete care nu corespund criteriului de naturalitate u.a.,din care: suprafete care nu corespund criteriului de naturalitate S (ha)
1,Aleu,2014,,publica stat,46.65585556,22.63417778,750,1050,Bihor,OS Sudrigiu,II,23B,4191,19.49,,
2,Aleu,2014,,publica stat,46.65258611,22.63871944,800,1250,Bihor,OS Sudrigiu,II,27A,1343,30.49,,
3,Aleu,2014,,publica stat,46.6499,22.63998333,840,1250,Bihor,OS Sudrigiu,II,28A,4114,21.44,,
4,Aleu,2014,,publica stat,46.61993056,22.67148611,710,960,Bihor,OS Sudrigiu,II,86B,4183,17.12,,
5,Aleu,2014,,publica stat,46.62578889,22.67453333,790,1250,Bihor,OS Sudrigiu,II,87A,1343,22.24,,
6,Aleu,2014,,publica stat,46.63213056,22.66891944,1100,1350,Bihor,OS Sudrigiu,II,87D,4181,13.54,,
7,Aleu,2014,,publica stat,46.63247222,22.67302778,890,1350,Bihor,OS Sudrigiu,II,88A,4181,8.52,,
8,Aleu,2014,,publica stat,46.57369444,22.73742778,1150,1350,Bihor,OS Sudrigiu,II,164B,4181,29.34,,
9,Aleu,2014,,publica stat,46.63305,22.67500278,1100,1400,Bihor,OS Sudrigiu,II,89A,4182,11.96,,
10,Aleu,2014,,publica stat,46.62971111,22.67703333,860,1200,Bihor,OS Sudrigiu,II,89D,4182,8.23,,
11,Aleu,2014,,publica stat,46.63255278,22.68698333,1200,1400,Bihor,OS Sudrigiu,II,90C,1153,16.48,,
12,Aleu,2014,,publica stat,46.62515,22.68674722,950,1300,Bihor,OS Sudrigiu,II,92A,4141,19.05,,
13,Aleu,2014,,publica stat,46.62371944,22.68088056,850,1100,Bihor,OS Sudrigiu,II,92E,4151,5.12,,
14,Aleu,2014,,publica stat,46.62230833,22.68028056,800,1100,Bihor,OS Sudrigiu,II,93A,4141,10.18,,
15,Aleu,2014,,publica stat,46.62038333,22.67518056,800,910,Bihor,OS Sudrigiu,II,93B,4141,3.59,,
16,Aleu,2014,,publica stat,46.62255833,22.68759167,1100,1300,Bihor,OS Sudrigiu,II,94C,4141,5.39,,
17,Aleu,2014,,publica stat,46.61006667,22.685175,700,1050,Bihor,OS Sudrigiu,II,101A,4181,22.11,,
18,Aleu,2014,,publica stat,46.61133889,22.690575,1000,1350,Bihor,OS Sudrigiu,II,101B,4112,27.92,,
19,Aleu,2014,,publica stat,46.60713611,22.68144444,670,1000,Bihor,OS Sudrigiu,II,102A,4112,15.8,,
20,Aleu,2014,,publica stat,46.60391667,22.68994722,890,1400,Bihor,OS Sudrigiu,II,102B,4112,20.46,,
21,Aleu,2014,,publica stat,46.60549722,22.68653056,970,1200,Bihor,OS Sudrigiu,II,102C,4181,7.55,,
22,Aleu,2014,,publica stat,46.60713056,22.67726944,730,970,Bihor,OS Sudrigiu,II,103B,4181,5.02,,
23,Aleu,2014,,publica stat,46.60103889,22.68995556,1200,1400,Bihor,OS Sudrigiu,II,105B,4114,18.4,,
24,Aleu,2014,,publica stat,46.57100556,22.69314444,1100,1250,Bihor,OS Sudrigiu,II,130A,1341,18.84,,
25,Aleu,2014,,publica stat,46.571375,22.69548611,1150,1150,Bihor,OS Sudrigiu,II,130C,1121,2.4,,
26,Aleu,2014,,publica stat,46.56489722,22.694925,1100,1250,Bihor,OS Sudrigiu,II,131B,1341,20.78,,
27,Aleu,2014,,publica stat,46.55824444,22.69535833,1200,1200,Bihor,OS Sudrigiu,II,132C,1331,7.03,,
28,Aleu,2014,,publica stat,46.56904167,22.69799722,1150,1250,Bihor,OS Sudrigiu,II,134B,1341,7.51,,
29,Aleu,2014,,publica stat,46.60378889,22.69596111,1300,1400,Bihor,OS Sudrigiu,II,139B,1413,7.4,,
30,Aleu,2014,,publica stat,46.60228611,22.69624444,1350,1350,Bihor,OS Sudrigiu,II,139C,1413,4.45,,
31,Aleu,2014,,publica stat,46.60633333,22.69811389,1350,1450,Bihor,OS Sudrigiu,II,140C,1413,11.78,,
32,Aleu,2014,,publica stat,46.58058611,22.72781111,1200,1400,Bihor,OS Sudrigiu,II,159C,4181,19.92,,
33,Aleu,2014,,publica stat,46.58137222,22.73066389,1200,1400,Bihor,OS Sudrigiu,II,160A,1413,17.6,,
34,Aleu,2014,,publica stat,46.58505833,22.73831111,1250,1450,Bihor,OS Sudrigiu,II,161A,1413,22.42,,
35,Aleu,2014,,publica stat,46.580975,22.73333333,1200,1350,Bihor,OS Sudrigiu,II,162,4181,22.62,,
36,Aleu,2014,,publica stat,46.5785,22.73901944,1200,1350,Bihor,OS Sudrigiu,II,163B,4181,33.43,,
37,Galbena,2014,,publica stat,46.57281111,22.68236667,1100,1200,Bihor,OS Sudrigiu,III,11B,1341,17.65,,
38,Galbena,2014,,publica stat,46.56778333,22.67856111,860,1050,Bihor,OS Sudrigiu,III,16A,2212,24.51,,
39,Galbena,2014,,publica stat,46.56899722,22.68611944,980,1250,Bihor,OS Sudrigiu,III,16B,1341,34.82,,
40,Galbena,2014,,publica stat,46.56559722,22.68720556,860,1300,Bihor,OS Sudrigiu,III,17A,2212,30.54,,
41,Galbena,2014,,publica stat,46.56338333,22.68550278,900,1150,Bihor,OS Sudrigiu,III,17B,1343,6.92,,
42,Galbena,2014,,publica stat,46.56144722,22.68788056,830,1300,Bihor,OS Sudrigiu,III,20B,1341,48.21,,
43,Galbena,2014,,publica stat,46.556825,22.68006389,720,1000,Bihor,OS Sudrigiu,III,21A,1343,10.62,,
44,Galbena,2014,,publica stat,46.55499444,22.68796111,870,1350,Bihor,OS Sudrigiu,III,22B,1341,39.34,,
45,Galbena,2014,,publica stat,46.54264722,22.656475,750,1050,Bihor,OS Sudrigiu,III,64A,1331,22.01,,
46,Galbena,2014,,publica stat,46.54403611,22.65301667,850,1100,Bihor,OS Sudrigiu,III,65B,1342,7.46,,
47,Galbena,2014,,publica stat,46.53785556,22.651425,1050,1300,Bihor,OS Sudrigiu,III,65E,1343,16.6,,
48,Galbena,2014,,publica stat,46.54521944,22.65476111,760,1050,Bihor,OS Sudrigiu,III,65G,1341,1.32,,
49,Galbena,2014,,publica stat,46.55583333,22.65735,600,1000,Bihor,OS Sudrigiu,III,73A,1343,19.34,,
50,Galbena,2014,,publica stat,46.5585,22.65576111,600,1100,Bihor,OS Sudrigiu,III,73B,1331,34.8,,
51,Galbena,2014,,publica stat,46.55726944,22.65183889,850,1000,Bihor,OS Sudrigiu,III,74C,1331,9.49,,
52,Galbena,2014,,publica stat,46.58157778,22.662125,1050,1150,Bihor,OS Sudrigiu,III,5D,2212,41.73,,
53,Olteana,2011,,publica stat,45.32405556,22.53846111,1210,1425,Caras Severin,O.S. Oțelu Rosu,VII,67A,1321,20.6,,
54,Olteana,2011,,publica stat,45.32338333,22.54116111,1415,1525,Caras Severin,O.S. Oțelu Rosu,VII,67B,1141,5.95,,
55,Olteana,2011,,publica stat,45.32413889,22.54094444,1400,1485,Caras Severin,O.S. Oțelu Rosu,VII,67C,4114,4.5,,
56,Olteana,2011,,publica stat,45.32261667,22.54233889,1360,1525,Caras Severin,O.S. Oțelu Rosu,VII,69B,1141,15.2,,
57,Olteana,2011,,publica stat,45.32046944,22.54378056,1495,1590,Caras Severin,O.S. Oțelu Rosu,VII,69D,1141,12.7,,
58,Olteana,2011,,publica stat,45.32458889,22.53536667,1255,1535,Caras Severin,O.S. Oțelu Rosu,VII,70A,4114,16.7,,
59,Olteana,2011,,publica stat,45.32173889,22.53641111,1360,1515,Caras Severin,O.S. Oțelu Rosu,VII,70B,1141,5.99,,
60,Olteana,2011,,publica stat,45.32116667,22.53611389,1470,1555,Caras Severin,O.S. Oțelu Rosu,VII,70C,1141,2.87,,
61,Olteana,2011,,publica stat,45.32686389,22.52678056,1300,1465,Caras Severin,O.S. Oțelu Rosu,VII,72C,4114,3.67,,
62,Olteana,2011,,publica stat,45.32585,22.52303889,1325,1455,Caras Severin,O.S. Oțelu Rosu,VII,76D,4114,6.02,,
63,Olteana,2011,,publica stat,45.32291389,22.512875,1330,1435,Caras Severin,O.S. Oțelu Rosu,VII,81B,4114,6.47,,
64,Olteana,2011,,publica stat,45.31747778,22.512425,1090,1300,Caras Severin,O.S. Oțelu Rosu,VII,84A,4114,8.18,,
65,Olteana,2011,,publica stat,45.31759167,22.51543056,1275,1440,Caras Severin,O.S. Oțelu Rosu,VII,84B,4114,13.1,,
66,Olteana,2011,,publica stat,45.31613056,22.51090278,1090,1370,Caras Severin,O.S. Oțelu Rosu,VII,87A,4114,14.1,,
67,Olteana,2011,,publica stat,45.31473056,22.51453333,1275,1470,Caras Severin,O.S. Oțelu Rosu,VII,87B,4114,13.8,,
68,Olteana,2011,,publica stat,45.31325,22.50654167,1345,1460,Caras Severin,O.S. Oțelu Rosu,VII,88B,4114,11.7,,
69,Olteana,2011,,publica stat,45.30692778,22.50775,1165,1370,Caras Severin,O.S. Oțelu Rosu,VII,90A,4114,23.3,,
70,Olteana,2011,,publica stat,45.30858889,22.51234444,1245,1425,Caras Severin,O.S. Oțelu Rosu,VII,90B,4114,13.8,,
71,Olteana,2011,,publica stat,45.30903889,22.49831389,1185,1365,Caras Severin,O.S. Oțelu Rosu,VII,93A,4114,14.6,,
72,Olteana,2011,,publica stat,45.30598611,22.50619167,1245,1490,Caras Severin,O.S. Oțelu Rosu,VII,93B,4114,30.6,,
73,Olteana,2011,,publica stat,45.309725,22.49556389,1185,1365,Caras Severin,O.S. Oțelu Rosu,VII,94A,4114,12,,
74,Olteana,2011,,publica stat,45.30575,22.500275,1300,1425,Caras Severin,O.S. Oțelu Rosu,VII,94B,4114,7.04,,
75,Olteana,2011,,publica stat,45.30606944,22.49622778,1180,1405,Caras Severin,O.S. Oțelu Rosu,VII,97A,4114,36.8,,
76,Olteana,2011,,publica stat,45.30308889,22.5007,1320,1490,Caras Severin,O.S. Oțelu Rosu,VII,97B,1141,14,,
77,Gâsca,2012,,publica stat,44.31603611,23.82188333,975,1095,Caras Severin,OS Baile Herculane,V,162C,4111,2.06,,
78,Gâsca,2012,,publica stat,44.31623611,23.82300833,975,1100,Caras Severin,OS Baile Herculane,V,163B,4111,3.19,,
79,Corha,2007,,publica stat,47.56111111,24.0975,665,1100,Mara-mures,OS.Grosii Ţiblesului,V,38 A,4114,48.9,,
80,Corha,2007,,publica stat,47.55805556,24.09833333,685,760,Mara-mures,OS.Grosii Ţiblesului,V,38 B,4114,1.2,,
81,Corha,2007,,publica stat,47.56277778,24.09277778,1030,1100,Mara-mures,OS.Grosii Ţiblesului,V,38 C,4114,1.8,,
82,Corha,2007,,publica stat,47.56444444,24.09472222,1040,1090,Mara-mures,OS.Grosii Ţiblesului,V,38 D,4114,0.7,,
83,Corha,2007,,publica stat,47.55777778,24.09916667,680,710,Mara-mures,OS.Grosii Ţiblesului,V,38 E,4114,0.4,,
84,Corha,2007,,publica stat,47.56666667,24.10333333,680,1085,Mara-mures,OS.Grosii Ţiblesului,V,39,4114,51.9,,
85,Preluci,2007,,publica stat,47.53111111,24.21194444,840,1150,Mara-mures,OS.Grosii Ţiblesului,VI,112 A,2321,42.8,,
86,Preluci,2007,,publica stat,47.53694444,24.21833333,910,1210,Mara-mures,OS.Grosii Ţiblesului,VI,113 A,2321,28,,
87,Preluci,2007,,publica stat,47.54138889,24.22416667,1170,1270,Mara-mures,OS.Grosii Ţiblesului,VI,113 B,4151,4.1,,
88,Preluci,2007,,publica stat,47.54111111,24.21944444,1270,1300,Mara-mures,OS.Grosii Ţiblesului,VI,113 C,1153,1.2,,
89,Preluci,2007,,publica stat,47.53888889,24.22388889,950,1300,Mara-mures,OS.Grosii Ţiblesului,VI,114 A,4131,10.1,,
90,Preluci,2007,,publica stat,47.54,24.22833333,1290,1370,Mara-mures,OS.Grosii Ţiblesului,VI,114 B,1153,2.2,,
91,Preluci,2007,,publica stat,47.53611111,24.22472222,950,1300,Mara-mures,OS.Grosii Ţiblesului,VI,115 A,4131,27.8,,
92,Preluci,2007,,publica stat,47.53833333,24.23027778,1280,1420,Mara-mures,OS.Grosii Ţiblesului,VI,115 B,1141,5.5,,
93,Preluci,2007,,publica stat,47.53444444,24.22972222,1020,1300,Mara-mures,OS.Grosii Ţiblesului,VI,116 A,4131,16.2,,
94,Preluci,2007,,publica stat,47.53666667,24.23444444,1230,1460,Mara-mures,OS.Grosii Ţiblesului,VI,116 B,1141,13.7,,
95,Preluci,2007,,publica stat,47.53305556,24.22944444,1020,1260,Mara-mures,OS.Grosii Ţiblesului,VI,117 A,4114,5.9,,
96,Preluci,2007,,publica stat,47.53388889,24.23861111,1220,1450,Mara-mures,OS.Grosii Ţiblesului,VI,117 B,1153,20.2,,
97,Preluci,2007,,publica stat,47.53333333,24.24388889,1420,1570,Mara-mures,OS.Grosii Ţiblesului,VI,117 C,1154,10.5,,
98,Paulic,2016,,publica stat,47.525,24.28138889,980,1350,Mara-mures,O.S. Poieni,III ,51,4142,13.04,,
99,Paulic,2016,,publica stat,47.87916667,24.46805556,960,1050,Mara-mures,O.S. Poieni,III ,52A,1413,13.33,,
100,Paulic,2016,,publica stat,47.87833333,24.47027778,900,970,Mara-mures,O.S. Poieni,III ,52E,1411,6.34,,
101,Paulic,2016,,publica stat,47.88083333,24.46916667,780,980,Mara-mures,O.S. Poieni,III ,53A,1341,5.91,,
102,Paulic,2016,,publica stat,47.87833333,24.47277778,850,1050,Mara-mures,O.S. Poieni,III ,53B,1341,9.75,,
103,Paulic,2016,,publica stat,47.87694444,24.48083333,860,1150,Mara-mures,O.S. Poieni,III ,54B,1413,24.29,,
104,Paulic,2016,,publica stat,47.87555556,24.48527778,970,1050,Mara-mures,O.S. Poieni,III ,54E,1411,7.28,,
105,Gura Socolou,2016,,publica stat,47.525,24.20555556,850,1250,Mara-mures,O.S. Poieni,III ,55,1413,28.19,,
106,Gropsoara,2016,,publica stat,47.54277778,24.24333333,1150,1650,Mara-mures,O.S. Poieni,IV ,53B,1341,16.61,,
107,Gropsoara,2016,,publica stat,47.91027778,24.48916667,1200,1280,Mara-mures,O.S. Poieni,IV ,54B,1341,1.79,,
108,Gropsoara,2016,,publica stat,47.91361111,24.48916667,1000,1350,Mara-mures,O.S. Poieni,IV ,55B,1341,15.1,,
109,Gropsoara,2016,,publica stat,47.91361111,24.48916667,1300,1500,Mara-mures,O.S. Poieni,IV ,55C,1114,11.46,,
110,Raoaia,2007,,publica stat,47.60083333,24.08166667,700,1100,Mara-mures,O.S. Strâmbu Baiuţ,IV,50,1311,34.5,,
111,Raoaia,2007,,publica stat,47.59833333,24.08333333,700,960,Mara-mures,O.S. Strâmbu Baiuţ,IV,64A,4111,31.1,,
112,Ciormolina,2007,,publica stat,47.58722222,24.09694444,810,970,Mara-mures,O.S. Strâmbu Baiuţ,IV,80A,4111,24.8,,
113,Ciormolina,2007,,publica stat,47.59416667,24.10361111,870,1150,Mara-mures,O.S. Strâmbu Baiuţ,IV,83A,4111,24,,
114,Ciormolina,2007,,publica stat,47.59361111,24.10722222,870,1150,Mara-mures,O.S. Strâmbu Baiuţ,IV,84,4111,15.3,,
115,Ciormolina,2007,,publica stat,47.58611111,24.10611111,870,1050,Mara-mures,O.S. Strâmbu Baiuţ,IV,87,4111,35.7,,
116,Hlibochi,2015,,publica stat,47.74352222,25.55995278,920,1150,Suceava,OS Moldoviţa,III,301E,1311,21.05,,
117,Stujinoasa,2011,,publica stat,47.81516111,25.64710278,775,930,Suceava,OS Putna,II ,162A,1311,17.97,,
118,Mielusoaia,2009,,publica stat,47.45686944,26.11035278,400,400,Suceava,OS Malini,I,1A,5324,10.1,,
119,Mielusoaia,2009,,publica stat,47.45052222,26.10610833,410,510,Suceava,OS Malini,I,1E,5324,58,,
120,Ciribuc,2011,,publica UAT,47.11237222,25.27448056,1450,1805,Suceava,com. Mariselu/ O.S.Valea Şieului RA,IV,1,1151,2.4,,
121,Ciribuc,2011,,publica UAT,47.11237222,25.27448056,1450,1805,Suceava,com. Mariselu/ O.S.Valea Şieului RA,IV,2A,1153,5.6,,
122,Ciribuc,2011,,publica UAT,47.11237222,25.27448056,1450,1805,Suceava,com. Mariselu/ O.S.Valea Şieului RA,IV,2B,1154,7.7,,
123,Ciribuc,2011,,publica UAT,47.11237222,25.27448056,1450,1805,Suceava,com. Mariselu/ O.S.Valea Şieului RA,IV,3A,1153,16.8,,
124,Ciribuc,2011,,publica UAT,47.11237222,25.27448056,1450,1805,Suceava,com. Mariselu/ O.S.Valea Şieului RA,IV,3B,1154,32.1,,
125,Pr. Calului,2011,,publica UAT,47.11237222,25.27448056,1450,1805,Suceava,com. Mariselu/ O.S.Valea Şieului RA,IV,4A,1153,2.2,,
126,Pr. Calului,2011,,publica UAT,47.11237222,25.27448056,1450,1805,Suceava,com. Mariselu/ O.S.Valea Şieului RA,IV,4B,1154,13.5,,
127,Pr. Calului,2011,,publica UAT,47.11237222,25.27448056,1450,1805,Suceava,com. Mariselu/ O.S.Valea Şieului RA,IV,5A,1153,8.5,,
128,Pr. Calului,2011,,publica UAT,47.11237222,25.27448056,1450,1805,Suceava,com. Mariselu/ O.S.Valea Şieului RA,IV,5B,1154,8.9,,
129,Pr. Calului,2011,,publica UAT,47.11237222,25.27448056,1450,1805,Suceava,com. Mariselu/ O.S.Valea Şieului RA,IV,6A,1153,1.7,,
130,Pr. Calului,2011,,publica UAT,47.11237222,25.27448056,1450,1805,Suceava,com. Mariselu/ O.S.Valea Şieului RA,IV,6B,1154,12.1,,
131,Pr. Calului,2011,,publica UAT,47.11237222,25.27448056,1450,1805,Suceava,com. Mariselu/ O.S.Valea Şieului RA,IV,6C,1154,12.6,,
132,Pr. Calului,2011,,publica UAT,47.11237222,25.27448056,1450,1805,Suceava,com. Mariselu/ O.S.Valea Şieului RA,IV,7A,1153,2.5,,
133,Pr. Calului,2011,,publica UAT,47.11237222,25.27448056,1450,1805,Suceava,com. Mariselu/ O.S.Valea Şieului RA,IV,7B,1154,25.6,,
134,Pr. Calului,2011,,publica UAT,47.11237222,25.27448056,1450,1805,Suceava,com. Mariselu/ O.S.Valea Şieului RA,IV,8,1154,50.1,,
135,Faţa Gardului - Rachitis,2011,,publica UAT,47.11237222,25.27448056,1450,1805,Suceava,com. Mariselu/ O.S.Valea Şieului RA,IV,9,1154,33.9,,
136,Curmatura Tihului,2011,,publica UAT,47.14173611,25.16568611,1540,1810,Suceava,com. Mariselu/ O.S.Valea Şieului RA,IV,14A,1114,19.8,,
137,Curmatura Tihului,2011,,publica UAT,47.14173611,25.16568611,1540,1810,Suceava,com. Mariselu/ O.S.Valea Şieului RA,IV,14B,1154,6.3,,
138,Curmatura Tihului,2011,,publica UAT,47.14173611,25.16568611,1540,1810,Suceava,com. Mariselu/ O.S.Valea Şieului RA,IV,15A,1114,8.5,,
139,Curmatura Tihului,2011,,publica UAT,47.14173611,25.16568611,1540,1810,Suceava,com. Mariselu/ O.S.Valea Şieului RA,IV,16B,1152,40,,
140,Curmatura Tihului,2011,,publica UAT,47.14173611,25.16568611,1540,1810,Suceava,com. Mariselu/ O.S.Valea Şieului RA,IV,16C,1154,9.2,,
141,Curmatura Tihului,2011,,publica UAT,47.14173611,25.16568611,1540,1810,Suceava,com. Mariselu/ O.S.Valea Şieului RA,IV,17B,1114,44.3,,
142,Curmatura Tihului,2011,,publica UAT,47.14173611,25.16568611,1540,1810,Suceava,com. Mariselu/ O.S.Valea Şieului RA,IV,17C,1114,4.9,,
143,Valea Buţii,2009,,privata PJ,45.30483333,22.94621667,1000,1300,Hunedoara,As. Comp. Câmpul lui Neag/ RPL OS Valea Orastiei RA,I Campul lui Neag,7A,1341,34.7,,
144,Valea Buţii,2009,,privata PJ,45.31491111,22.90995556,1400,1750,Hunedoara,As. Comp. Câmpul lui Neag/ RPL OS Valea Orastiei RA,I Campul lui Neag,11A,1151,37.3,,
145,Valea Buţii,2009,,privata PJ,45.325025,22.91724167,1400,1750,Hunedoara,As. Comp. Câmpul lui Neag/ RPL OS Valea Orastiei RA,I Campul lui Neag,13A,1151,20.9,,
146,Valea Buţii,2009,,privata PJ,45.32068889,22.91996111,1350,1850,Hunedoara,As. Comp. Câmpul lui Neag/ RPL OS Valea Orastiei RA,I Campul lui Neag,14A,1151,33.5,,
147,Valea Buţii,2009,,privata PJ,45.31609167,22.91790833,1200,1500,Hunedoara,As. Comp. Câmpul lui Neag/ RPL OS Valea Orastiei RA,I Campul lui Neag,15B,1151,19,,
148,Valea Buţii,2009,,privata PJ,45.31183056,22.93698333,1300,1750,Hunedoara,As. Comp. Câmpul lui Neag/ RPL OS Valea Orastiei RA,I Campul lui Neag,18D,1114,41.2,,
149,Joagare- Dl. Dobrei,2014,,publica UAT,45.71106389,23.75172778,,,Sibiu,Com. Jina/ S.C. O.S. JINA S.R.L.,I,127A,1311,27,,
150,Joagare- Dl. Dobrei,2014,,publica UAT,45.71106389,23.75172778,,,Sibiu,Com. Jina/ S.C. O.S. JINA S.R.L.,I,127B,1311,2.8,,
151,Magura Codlei,2014,,publica UAT,45.54359722,21.82728333,880,1287,Brasov,mun. Codlea/OS Codrii Cetaților,II Codlea,27,4231,24.8,,
1,Dobrele - Fata Moarta       ,2016,,publica stat,46.09708611,26.52129167,770,1150,Bacau,O.S. Oituz,V Bucias,31,221.1,29.72,,
2,Dobrele - Fata Moarta       ,2016,,publica stat,46.095025,26.51329167,770,1150,Bacau,O.S. Oituz,V Bucias,33A,221.1,28.98,,
3,Dobrele - Fata Moarta       ,2016,,publica stat,46.09369167,26.50720278,770,1150,Bacau,O.S. Oituz,V Bucias,34,221.1,40.14,,
4,Pacura,2016,,publica stat,46.12312778,26.53971389,750,950,Bacau,O.S. Oituz,V Bucias,49,221.1,28.3,,
5,Pacura,2016,,publica stat,46.11911389,26.53967778,750,950,Bacau,O.S. Oituz,V Bucias,50,221.1,26.07,,
6,Boceasa,2015,,publica stat,46.69151389,22.76564167,1550,1650,Bihor,OS Remeţi,I Boceasa,79E,1154,5.75,,
7,Boceasa,2015,,publica stat,46.68596389,22.76261944,1550,1600,Bihor,OS Remeţi,I Boceasa,80C,1154,9,,
8,Boceasa,2015,,publica stat,46.68261667,22.766175,1500,1600,Bihor,OS Remeţi,I Boceasa,81C,1154,17.31,,
9,Boceasa,2015,,publica stat,46.68029167,22.75125833,1500,1600,Bihor,OS Remeţi,I Boceasa,82C,1154,9.62,,
10,Boceasa,2015,,publica stat,46.68110833,22.74678889,1400,1600,Bihor,OS Remeţi,I Boceasa,83C,1154,55.33,,
11,Boceasa,2015,,publica stat,46.68676944,22.73560833,1450,1600,Bihor,OS Remeţi,I Boceasa,84E,1154,14.56,,
12,Boceasa,2015,,publica stat,46.68494722,22.73707778,1500,1550,Bihor,OS Remeţi,I Boceasa,84F,1154,6.66,,
13,Boceasa,2015,,publica stat,46.68501111,22.74032778,1500,1600,Bihor,OS Remeţi,I Boceasa,85B,1154,15.56,,
14,Boceasa,2015,,publica stat,46.694825,22.7376,1450,1600,Bihor,OS Remeţi,I Boceasa,91B,1153,7.37,,
15,Boceasa,2015,,publica stat,46.70135556,22.71045833,1250,1550,Bihor,OS Remeţi,I Boceasa,140A,1162,61.8,,
16,Boceasa,2015,,publica stat,46.67776667,22.71056944,1450,1700,Bihor,OS Remeţi,I Boceasa,145,1152,19.62,,
17,Boceasa,2015,,publica stat,46.6658,22.70404444,1450,1600,Bihor,OS Remeţi,I Boceasa,149B,1153,15.11,,
18,Boceasa,2015,,publica stat,46.66286944,22.69753056,1300,1600,Bihor,OS Remeţi,I Boceasa,150B,1142,16.55,,
19,Boceasa,2015,,publica stat,46.65983889,22.69884722,1450,1650,Bihor,OS Remeţi,I Boceasa,150C,1154,25.93,,
20,Boceasa,2015,,publica stat,46.66508333,22.6955,1450,1550,Bihor,OS Remeţi,I Boceasa,151E,1142,13.79,,
21,Boceasa,2015,,publica stat,46.659325,22.68666944,1450,1550,Bihor,OS Remeţi,I Boceasa,155D,1154,8.89,,
22,Iadolina ,2015,,publica stat,46.74601667,22.570425,840,1000,Bihor,OS Remeţi,IV Iadolina,95B,4114,13.5,,
23,Iadolina ,2015,,publica stat,46.72539722,22.57056111,850,850,Bihor,OS Remeţi,IV Iadolina,106B,2212,5.6,,
24,Iadolina ,2015,,publica stat,46.72997778,22.56409167,790,920,Bihor,OS Remeţi,IV Iadolina,107A,1342,3.52,,
25,Iadolina ,2015,,publica stat,46.72365556,22.56738611,940,940,Bihor,OS Remeţi,IV Iadolina,108B,2212,9.76,,
26,Iadolina ,2015,,publica stat,46.72178333,22.571,850,850,Bihor,OS Remeţi,IV Iadolina,110B,1341,9.73,,
27,Iadolina ,2015,,publica stat,46.71980278,22.57545,830,930,Bihor,OS Remeţi,IV Iadolina,111A,1341,8.6,,
28,Valea Iadului ,2015,,publica stat,46.71320278,22.59698333,870,950,Bihor,OS Remeţi,V Valea Iadului ,55A,1341,4.91,,
29,Valea Iadului ,2015,,publica stat,46.711575,22.58445556,870,1020,Bihor,OS Remeţi,V Valea Iadului ,56C,1342,9.3,,
30,Valea Iadului ,2015,,publica stat,46.71303889,22.58523333,830,1000,Bihor,OS Remeţi,V Valea Iadului ,58A,1342,9.4,,
31,Valea Iadului ,2015,,publica stat,46.71621944,22.57575278,800,1010,Bihor,OS Remeţi,V Valea Iadului ,59A,1342,17.82,,
32,Valea Iadului ,2015,,publica stat,46.72653056,22.56790556,740,740,Bihor,OS Remeţi,V Valea Iadului ,66B,4115,9.94,,
33,Valea Iadului ,2015,,publica stat,46.80066389,22.55363889,770,920,Bihor,OS Remeţi,V Valea Iadului ,97A,4111,4.33,,
34,Valea Iadului ,2015,,publica stat,46.73349722,22.55500556,720,980,Bihor,OS Remeţi,V Valea Iadului ,68A,4115,21.65,,
35,Valea Iadului ,2015,,publica stat,46.73785278,22.56542778,710,800,Bihor,OS Remeţi,V Valea Iadului ,70A,4115,2.97,,
36,Valea Iadului ,2015,,publica stat,46.74231667,22.55603889,690,820,Bihor,OS Remeţi,V Valea Iadului ,71A,4115,12.67,,
37,Valea Iadului ,2015,,publica stat,46.79849444,22.56353056,570,850,Bihor,OS Remeţi,V Valea Iadului ,90A,4114,17.67,,
38,Valea Iadului ,2015,,publica stat,46.80208333,22.56610833,570,810,Bihor,OS Remeţi,V Valea Iadului ,91A,4111,17.13,,
39,Valea Iadului ,2015,,publica stat,46.80358333,22.57355278,570,700,Bihor,OS Remeţi,V Valea Iadului ,92A,4111,5.02,,
40,Valea Iadului ,2015,,publica stat,46.810475,22.57595,570,790,Bihor,OS Remeţi,V Valea Iadului ,93,4114,16.11,,
41,Valea Iadului ,2015,,publica stat,46.80858333,22.57335556,640,910,Bihor,OS Remeţi,V Valea Iadului ,105,4115,8.79,,
42,Valea Iadului ,2015,,publica stat,46.81556944,22.56951944,800,890,Bihor,OS Remeţi,V Valea Iadului ,106A,4111,21.56,,
43,Valea Iadului ,2015,,publica stat,46.81175,22.56621111,640,880,Bihor,OS Remeţi,V Valea Iadului ,106C,4114,6.81,,
44,Valea Iadului ,2015,,publica stat,46.811975,22.57528056,570,820,Bihor,OS Remeţi,V Valea Iadului ,107A,4115,28.34,,
45,Valea Iadului ,2015,,publica stat,46.816,22.57256944,770,860,Bihor,OS Remeţi,V Valea Iadului ,107B,4111,4.62,,
46,Valea Iadului ,2015,,publica stat,46.81244722,22.57880278,570,570,Bihor,OS Remeţi,V Valea Iadului ,108A,4115,14.21,,
47,Valea Iadului ,2015,,publica stat,46.81494167,22.57393333,570,860,Bihor,OS Remeţi,V Valea Iadului ,108B,4111,19.64,,
48,Valea Iadului ,2015,,publica stat,46.81478056,22.57936944,520,750,Bihor,OS Remeţi,V Valea Iadului ,109A,4115,16.66,,
49,Valea Iadului ,2015,,publica stat,46.81633611,22.57738611,570,750,Bihor,OS Remeţi,V Valea Iadului ,109B,4141,9.09,,
50,Valea Iadului ,2015,,publica stat,46.81677778,22.57730278,660,890,Bihor,OS Remeţi,V Valea Iadului ,109C,4141,15.42,,
51,Og. Ursului,2014,,publica stat,45.25579722,22.58057778,1000,1250,Caras Severin,OS Teregova,III,76A,4141,15.1,,
52,Og. Ursului,2014,,publica stat,45.25732222,22.57859722,1300,1350,Caras Severin,OS Teregova,III,76B,4161,7.04,,
53,Og. Ursului,2014,,publica stat,45.25871389,22.58389167,1150,1350,Caras Severin,OS Teregova,III,77A,4161,8.98,,
54,Og. Ursului,2014,,publica stat,45.26216667,22.58561944,1100,1350,Caras Severin,OS Teregova,III,78A,4161,11.17,,
55,Og. Ursului,2014,,publica stat,45.26405278,22.5822,1250,1350,Caras Severin,OS Teregova,III,78B,1141,4.03,,
56,Og. Ursului,2014,,publica stat,45.26536667,22.58504722,1150,1250,Caras Severin,OS Teregova,III,78C,4161,4.42,,
57,Og. Ursului,2014,,publica stat,45.26732778,22.58470556,1150,1250,Caras Severin,OS Teregova,III,79A,4161,15.89,,
58,Og. Ursului,2014,,publica stat,45.26699167,22.58145556,1250,1350,Caras Severin,OS Teregova,III,79B,1141,4.46,,
59,Og. Ursului,2014,,publica stat,45.270325,22.58305833,1150,1350,Caras Severin,OS Teregova,III,80A,1153,26.39,,
60,Og. Ursului,2014,,publica stat,45.27385833,22.58227778,1200,1400,Caras Severin,OS Teregova,III,81A,1153,14.33,,
61,Manioasa,2014,,publica stat,45.25168611,22.58223611,1050,1350,Caras Severin,OS Teregova,IV,85A,4161,14.54,,
62,Manioasa,2014,,publica stat,45.25038333,22.58485278,1300,1400,Caras Severin,OS Teregova,IV,85B,1153,6.22,,
63,Manioasa,2014,,publica stat,45.25285,22.58397222,1050,1350,Caras Severin,OS Teregova,IV,86A,4161,17.64,,
64,Manioasa,2014,,publica stat,45.25124722,22.58629722,1300,1400,Caras Severin,OS Teregova,IV,86B,1153,2.14,,
65,Manioasa,2014,,publica stat,45.25353889,22.58608889,1100,1300,Caras Severin,OS Teregova,IV,87A,4161,6.21,,
66,Manioasa,2014,,publica stat,45.25508333,22.58655833,1100,1300,Caras Severin,OS Teregova,IV,87B,4161,4.33,,
67,Manioasa,2014,,publica stat,45.25745,22.58854167,1100,1200,Caras Severin,OS Teregova,IV,87C,4161,9.66,,
68,Manioasa,2014,,publica stat,45.25872778,22.59178611,1100,1350,Caras Severin,OS Teregova,IV,87D,4161,8.87,,
69,Manioasa,2014,,publica stat,45.25613611,22.59016944,1400,1450,Caras Severin,OS Teregova,IV,87E,4161,12.61,,
70,Manioasa,2014,,publica stat,45.26421944,22.5903,1150,1350,Caras Severin,OS Teregova,IV,88A,4161,27.82,,
71,Manioasa,2014,,publica stat,45.26459167,22.59274444,1300,1400,Caras Severin,OS Teregova,IV,88B,4161,6.72,,
72,Manioasa,2014,,publica stat,45.26773333,22.59178889,1200,1300,Caras Severin,OS Teregova,IV,89A,4161,13.52,,
73,Manioasa,2014,,publica stat,45.26546667,22.59185,1200,1300,Caras Severin,OS Teregova,IV,89B,4161,2.69,,
74,Manioasa,2014,,publica stat,45.27023333,22.59230278,1250,1350,Caras Severin,OS Teregova,IV,90,4161,6.68,,
75,Manioasa,2014,,publica stat,45.27093056,22.59144444,1250,1350,Caras Severin,OS Teregova,IV,91,4161,9.05,,
76,Izv.Mehadicii,2013,,publica stat,43.95633611,23.85235556,1070,1260,Caras Severin,O.S. Mehadia,III,143A,4111,28.78,,
77,Izv.Mehadicii,2013,,publica stat,43.95725833,23.84761667,1135,1135,Caras Severin,O.S. Mehadia,III,143B,4111,0.62,,
78,Izv.Mehadicii,2013,,publica stat,43.96025278,23.84729444,1105,1110,Caras Severin,O.S. Mehadia,III,144A,4111,2.91,,
79,Izv.Mehadicii,2013,,publica stat,43.95886111,23.85510556,1085,1255,Caras Severin,O.S. Mehadia,III,144B,4111,35.57,,
80,Izv.Mehadicii,2013,,publica stat,43.96079167,23.8533,1120,1120,Caras Severin,O.S. Mehadia,III,144V,,0.41,,
81,Izv.Mehadicii,2013,,publica stat,43.95933889,23.85873333,1135,1215,Caras Severin,O.S. Mehadia,III,145A,4111,8.77,,
82,Izv.Mehadicii,2013,,publica stat,43.96095556,23.85899167,1130,1130,Caras Severin,O.S. Mehadia,III,145V,,0.55,,
83,Izv.Mehadicii,2013,,publica stat,43.95462778,23.85956389,1145,1260,Caras Severin,O.S. Mehadia,III,146A,4111,30.2,,
84,Izv.Mehadicii,2013,,publica stat,43.95217222,23.86247778,1205,1205,Caras Severin,O.S. Mehadia,III,146V,,0.15,,
85,Izv.Mehadicii,2013,,publica stat,43.95350833,23.86813333,1145,1285,Caras Severin,O.S. Mehadia,III,147A,4111,33.33,,
86,Izv.Mehadicii,2013,,publica stat,43.95426667,23.86485278,1215,1215,Caras Severin,O.S. Mehadia,III,147V,,0.36,,
87,Helisag,2015,,publica stat,44.98697778,22.08071389,400,720,Caras Severin,O.S. Nera,I,1,4241,38.35,,
88,Helisag,2015,,publica stat,44.98949722,22.07765833,410,740,Caras Severin,O.S. Nera,I,2,4241,49.35,,
89,Boii Mici,2015,,publica stat,45.06024444,22.02795833,760,1080,Caras Severin,O.S. Nera,I,121,4111,41.17,,
90,Boii Mici,2015,,publica stat,45.06047778,22.03157778,800,980,Caras Severin,O.S. Nera,I,122,4111,18.86,,
91,Boii Mici,2015,,publica stat,45.06017222,22.03905833,760,970,Caras Severin,O.S. Nera,I,123,4111,43.4,,
92,Boii Mari,2015,,publica stat,45.06139722,22.04238333,700,900,Caras Severin,O.S. Nera,I,124,4111,13.73,,
93,Cosava Mica,2015,,publica stat,45.06458611,22.04262222,700,970,Caras Severin,O.S. Nera,I,125,4111,53.2,,
94,Cosava Mica,2015,,publica stat,45.06555833,22.04078333,740,970,Caras Severin,O.S. Nera,I,126,4111,25.81,,
95,Cosava Mica,2015,,publica stat,45.06641944,22.03775833,780,1010,Caras Severin,O.S. Nera,I,127,4111,32.85,,
96,Cosava Mica,2015,,publica stat,45.06706944,22.03566389,780,1010,Caras Severin,O.S. Nera,I,128,4111,46.56,,
97,Cosava Mica,2015,,publica stat,45.06893889,22.02195278,830,1020,Caras Severin,O.S. Nera,I,129,4111,28.4,,
98,Cosava Mica,2015,,publica stat,45.07523611,22.0208,790,1020,Caras Severin,O.S. Nera,I,130,4111,43.39,,
99,Cosava Mica,2015,,publica stat,45.07796944,22.02256944,790,1010,Caras Severin,O.S. Nera,I,131,4111,29.63,,
100,Cosava Mica,2015,,publica stat,45.08014722,22.01819722,830,1110,Caras Severin,O.S. Nera,I,132,4111,55.93,,
101,Cosava Mica,2015,,publica stat,45.08175278,22.016,880,1110,Caras Severin,O.S. Nera,I,133,4111,23.69,,
102,Cosava Mica,2015,,publica stat,45.08895833,22.00244444,960,1190,Caras Severin,O.S. Nera,I,134,4111,38.25,,
103,Cosava Mica,2015,,publica stat,45.09510278,22.00641111,890,1200,Caras Severin,O.S. Nera,I,135,4111,36.57,,
104,Cosava Mica,2015,,publica stat,45.09618056,22.00672778,900,1200,Caras Severin,O.S. Nera,I,136,4111,20.66,,
105,Cosava Mica,2015,,publica stat,45.09663056,22.00861944,900,1210,Caras Severin,O.S. Nera,I,137,4111,58.83,,
106,Cosava Mica,2015,,publica stat,45.08707778,22.01835556,830,1090,Caras Severin,O.S. Nera,I,138,4111,24.07,,
107,Cosava Mica,2015,,publica stat,45.08009722,22.02627222,780,980,Caras Severin,O.S. Nera,I,139,4111,28.55,,
108,Cosava Mica,2015,,publica stat,45.07424444,22.03294722,780,950,Caras Severin,O.S. Nera,I,140,4111,33.06,,
109,Cosava Mare,2015,,publica stat,45.11265,22.02241667,1150,1150,Caras Severin,O.S. Nera,II ,19,4111,0.97,,
110,Cosava Mare,2015,,publica stat,45.11324167,22.02290278,1150,1200,Caras Severin,O.S. Nera,II ,20,4111,1.77,,
111,Cosava Mare,2015,,publica stat,45.11236944,22.02209167,1100,1250,Caras Severin,O.S. Nera,II ,24A,4111,11.8,,
112,Cosava Mare,2015,,publica stat,45.11353333,22.02311389,1100,1100,Caras Severin,O.S. Nera,II ,24B,4111,0.75,,
113,Cosava Mare,2015,,publica stat,45.1137,22.01496111,1100,1300,Caras Severin,O.S. Nera,II ,25A,4111,44.8,,
114,Cosava Mare,2015,,publica stat,45.11458889,22.01894722,1100,1100,Caras Severin,O.S. Nera,II ,25B,4111,0.68,,
115,Cosava Mare,2015,,publica stat,45.11676944,22.01266389,1300,1300,Caras Severin,O.S. Nera,II ,25C,4114,2.27,,
116,Cosava Mare,2015,,publica stat,45.11798056,22.019225,1100,1300,Caras Severin,O.S. Nera,II ,28A,4111,28.67,,
117,Cosava Mare,2015,,publica stat,45.12043889,22.01466944,1350,1350,Caras Severin,O.S. Nera,II ,28B,4114,1.54,,
118,Cosava Mare,2015,,publica stat,45.12106667,22.02288889,1100,1300,Caras Severin,O.S. Nera,II ,29A,4111,50.29,,
119,Cosava Mare,2015,,publica stat,45.12421389,22.0158,1300,1300,Caras Severin,O.S. Nera,II ,29B,4114,1.47,,
120,Cosava Mare,2015,,publica stat,45.11713611,22.02899722,980,1150,Caras Severin,O.S. Nera,II ,31,4111,6.91,,
121,Cosava Mare,2015,,publica stat,45.11778056,22.03033056,1100,1250,Caras Severin,O.S. Nera,II ,32,4111,12.18,,
122,Cosava Mare,2015,,publica stat,45.11794444,22.03290556,1150,1200,Caras Severin,O.S. Nera,II ,33,4111,3.89,,
123,Cosava Mare,2015,,publica stat,45.06343889,22.055625,630,900,Caras Severin,O.S. Nera,II ,52A,4114,22.98,,
124,Cosava Mare,2015,,publica stat,45.06726111,22.05374722,720,890,Caras Severin,O.S. Nera,II ,52B,4114,4.03,,
125,Cosava Mare,2015,,publica stat,45.05591944,22.06026667,740,740,Caras Severin,O.S. Nera,II ,52E,4114,1.07,,
126,Cosava Mare,2015,,publica stat,45.06914167,22.05566111,670,900,Caras Severin,O.S. Nera,II ,53,4111,16.5,,
127,Cosava Mare,2015,,publica stat,45.07381667,22.05538611,670,920,Caras Severin,O.S. Nera,II ,54A,4111,19.7,,
128,Cosava Mare,2015,,publica stat,45.06914722,22.05436111,890,890,Caras Severin,O.S. Nera,II ,54B,4111,1.54,,
129,Cosava Mare,2015,,publica stat,45.07020556,22.05373056,950,950,Caras Severin,O.S. Nera,II ,54C,4111,3.67,,
130,Cosava Mare,2015,,publica stat,45.07200833,22.05350278,690,1000,Caras Severin,O.S. Nera,II ,55,4111,25.26,,
131,Cosava Mare,2015,,publica stat,45.07503333,22.05459167,680,1000,Caras Severin,O.S. Nera,II ,56A,4111,26.1,,
132,Cosava Mare,2015,,publica stat,45.07557778,22.05239444,970,1030,Caras Severin,O.S. Nera,II ,56B,4111,4.7,,
133,Cosava Mare,2015,,publica stat,45.07581944,22.05541389,690,1000,Caras Severin,O.S. Nera,II ,57,4111,26.78,,
134,Cosava Mare,2015,,publica stat,45.08113056,22.06014444,700,1050,Caras Severin,O.S. Nera,II ,58A,4111,55.76,,
135,Cosava Mare,2015,,publica stat,45.08574167,22.04926389,1050,1050,Caras Severin,O.S. Nera,II ,58B,4111,7.52,,
136,Cosava Mare,2015,,publica stat,45.08738611,22.05876389,770,1050,Caras Severin,O.S. Nera,II ,59A,4111,31.04,,
137,Cosava Mare,2015,,publica stat,45.0899,22.04749167,1050,1050,Caras Severin,O.S. Nera,II ,59B,4111,0.95,,
138,Cosava Mare,2015,,publica stat,45.08979722,22.06000278,770,1000,Caras Severin,O.S. Nera,II ,60,4111,34.1,,
139,Cosava Mare,2015,,publica stat,45.09367222,22.058675,780,1000,Caras Severin,O.S. Nera,II ,61,4111,36.16,,
140,Cosava Mare,2015,,publica stat,45.09633056,22.05936944,780,1000,Caras Severin,O.S. Nera,II ,62A,4111,36.02,,
141,Cosava Mare,2015,,publica stat,45.09631944,22.05042778,1050,1050,Caras Severin,O.S. Nera,II ,62B,4111,0.59,,
142,Cosava Mare,2015,,publica stat,45.09656944,22.06122778,780,1050,Caras Severin,O.S. Nera,II ,63,4111,38.12,,
143,Cosava Mare,2015,,publica stat,45.10447222,22.05426111,800,1250,Caras Severin,O.S. Nera,II ,64,4111,49.22,,
144,Cosava Mare,2015,,publica stat,45.1051,22.05351111,900,1150,Caras Severin,O.S. Nera,II ,65A,4111,43.12,,
145,Cosava Mare,2015,,publica stat,45.106675,22.04332222,1100,1100,Caras Severin,O.S. Nera,II ,65B,4111,3.31,,
146,Cosava Mare,2015,,publica stat,45.05215278,22.05215278,900,1150,Caras Severin,O.S. Nera,II ,66,4111,34.47,,
147,Cosava Mare,2015,,publica stat,45.10845,22.05024444,900,1150,Caras Severin,O.S. Nera,II ,67A,4111,29.28,,
148,Cosava Mare,2015,,publica stat,45.107825,22.04439444,1150,1150,Caras Severin,O.S. Nera,II ,67B,4111,3.38,,
149,Cosava Mare,2015,,publica stat,45.11066111,22.05315833,830,1150,Caras Severin,O.S. Nera,II ,68A,4111,28.87,,
150,Cosava Mare,2015,,publica stat,45.11111389,22.04319167,1150,1150,Caras Severin,O.S. Nera,II ,68B,4111,1.91,,
151,Cosava Mare,2015,,publica stat,45.11510833,22.05518611,830,1200,Caras Severin,O.S. Nera,II ,69,4111,25.94,,
152,Cosava Mare,2015,,publica stat,45.116725,22.04699444,870,1250,Caras Severin,O.S. Nera,II ,70A,4111,52.95,,
153,Cosava Mare,2015,,publica stat,45.11475556,22.04205556,1200,1200,Caras Severin,O.S. Nera,II ,70B,4111,0.61,,
154,Cosava Mare,2015,,publica stat,45.11886944,22.03855,990,1250,Caras Severin,O.S. Nera,II ,71,4111,28.08,,
155,Cosava Mare,2015,,publica stat,45.12209722,22.03798333,1100,1100,Caras Severin,O.S. Nera,II ,72,4111,0.4,,
156,Cosava Mare,2015,,publica stat,45.12063889,22.03624444,1200,1200,Caras Severin,O.S. Nera,II ,73,4111,2.27,,
157,Cosava Mare,2015,,publica stat,45.12198333,22.03775,1150,1150,Caras Severin,O.S. Nera,II ,74,4111,2.84,,
158,Cosava Mare,2015,,publica stat,45.12347778,22.0361,1100,1300,Caras Severin,O.S. Nera,II ,75A,4111,45.47,,
159,Cosava Mare,2015,,publica stat,45.12323611,22.03753611,1150,1200,Caras Severin,O.S. Nera,II ,76,4111,0.36,,
160,Cosava Mare,2015,,publica stat,45.12586944,22.02937778,1100,1334,Caras Severin,O.S. Nera,II ,77A,4111,58.1,,
161,Cosava Mare,2015,,publica stat,45.13362222,22.02514722,1200,1250,Caras Severin,O.S. Nera,II ,78A,4111,20.2,,
162,Cosava Mare,2015,,publica stat,45.135925,22.02284722,1260,1260,Caras Severin,O.S. Nera,II ,78B,4111,1.44,,
163,Cosava Mare,2015,,publica stat,45.13275,22.0272,1100,1200,Caras Severin,O.S. Nera,II ,79A,4111,21.34,,
164,Cosava Mare,2015,,publica stat,45.13659722,22.02425556,1260,1260,Caras Severin,O.S. Nera,II ,79B,4111,1.45,,
165,Cosava Mare,2015,,publica stat,45.1324,22.03251111,1200,1290,Caras Severin,O.S. Nera,II ,80A,4111,31.98,,
166,Cosava Mare,2015,,publica stat,45.13742778,22.02787778,1250,1250,Caras Severin,O.S. Nera,II ,80B,4111,1.22,,
167,Cosava Mare,2015,,publica stat,45.14082222,22.02900556,1290,1290,Caras Severin,O.S. Nera,II ,80C,4114,0.4,,
168,Cosava Mare,2015,,publica stat,45.13731111,22.033025,1250,1280,Caras Severin,O.S. Nera,II ,80D,4114,3.39,,
169,Cosava Mare,2015,,publica stat,45.13130833,22.03401389,1200,1200,Caras Severin,O.S. Nera,II ,80E,4114,0.82,,
170,Cosava Mare,2015,,publica stat,45.12677222,22.03455556,1050,1250,Caras Severin,O.S. Nera,II ,81A,4111,39.34,,
171,Cosava Mare,2015,,publica stat,45.125325,22.03629444,1050,1100,Caras Severin,O.S. Nera,II ,82,4111,3.3,,
172,Cosava Mare,2015,,publica stat,45.12482778,22.03812222,940,1100,Caras Severin,O.S. Nera,II ,83,4111,12.08,,
173,Cosava Mare,2015,,publica stat,45.12596111,22.03780556,1000,1100,Caras Severin,O.S. Nera,II ,84,4111,13.19,,
174,Cosava Mare,2015,,publica stat,45.12525278,22.03832222,1100,1150,Caras Severin,O.S. Nera,II ,85,4111,3.82,,
175,Cosava Mare,2015,,publica stat,45.12096667,22.05343056,870,1100,Caras Severin,O.S. Nera,II ,86,4111,17.32,,
176,Cosava Mare,2015,,publica stat,45.12155278,22.05407778,880,1100,Caras Severin,O.S. Nera,II ,87A,4111,44.53,,
177,Cosava Mare,2015,,publica stat,45.12693333,22.04706389,1100,1200,Caras Severin,O.S. Nera,II ,88A,4111,13.49,,
178,Cosava Mare,2015,,publica stat,45.12840556,22.05104444,1100,1200,Caras Severin,O.S. Nera,II ,89,4111,13.92,,
179,Cosava Mare,2015,,publica stat,45.12846111,22.05243889,900,1110,Caras Severin,O.S. Nera,II ,90,4111,30.8,,
180,Cosava Mare,2015,,publica stat,45.12976944,22.04942778,1000,1100,Caras Severin,O.S. Nera,II ,91,4111,2.92,,
181,Cosava Mare,2015,,publica stat,45.12879722,22.04715,1000,1150,Caras Severin,O.S. Nera,II ,92,4111,21.24,,
182,Cosava Mare,2015,,publica stat,45.13087222,22.04515833,1100,1250,Caras Severin,O.S. Nera,II ,93,4111,20.55,,
183,Cosava Mare,2015,,publica stat,45.13313889,22.0482,1050,1100,Caras Severin,O.S. Nera,II ,94,4111,2.25,,
184,Cosava Mare,2015,,publica stat,45.13503611,22.04486944,1100,1300,Caras Severin,O.S. Nera,II ,95A,4111,12.79,,
185,Cosava Mare,2015,,publica stat,45.13359444,22.041425,1200,1200,Caras Severin,O.S. Nera,II ,95B,4114,0.52,,
186,Cosava Mare,2015,,publica stat,45.1381,22.04701111,1100,1250,Caras Severin,O.S. Nera,II ,96A,4111,32.72,,
187,Cosava Mare,2015,,publica stat,45.13556111,22.03973889,1300,1300,Caras Severin,O.S. Nera,II ,96B,4114,2.07,,
188,Cosava Mare,2015,,publica stat,45.14300278,22.04813889,1050,1050,Caras Severin,O.S. Nera,II ,97,4111,2,,
189,Cosava Mare,2015,,publica stat,45.14263889,22.04845,1150,1200,Caras Severin,O.S. Nera,II ,98,4111,6.14,,
190,Cosava Mare,2015,,publica stat,45.14405556,22.04776111,1100,1250,Caras Severin,O.S. Nera,II ,99,4111,23.18,,
191,Cosava Mare,2015,,publica stat,45.14484167,22.04443333,1150,1290,Caras Severin,O.S. Nera,II ,100A,4111,42.04,,
192,Cosava Mare,2015,,publica stat,45.14042222,22.04708611,1250,1250,Caras Severin,O.S. Nera,II ,100B,4114,1.82,,
193,Cosava Mare,2015,,publica stat,45.14732222,22.04319722,1150,1350,Caras Severin,O.S. Nera,II ,101A,4111,36.19,,
194,Cosava Mare,2015,,publica stat,45.1463,22.03735556,1250,1350,Caras Severin,O.S. Nera,II ,101B,4114,2.92,,
195,Cosava Mare,2015,,publica stat,45.147275,22.04338889,1150,1300,Caras Severin,O.S. Nera,II ,102A,4111,12.24,,
196,Cosava Mare,2015,,publica stat,45.14773889,22.038825,1250,1350,Caras Severin,O.S. Nera,II ,102B,4151,3.19,,
197,Cosava Mare,2015,,publica stat,45.14875278,22.04411111,1150,1300,Caras Severin,O.S. Nera,II ,103A,4111,23.41,,
198,Cosava Mare,2015,,publica stat,45.15033611,22.04181111,1150,1350,Caras Severin,O.S. Nera,II ,103B,4151,5.84,,
199,Cosava Mare,2015,,publica stat,45.15205278,22.04701667,1150,1350,Caras Severin,O.S. Nera,II ,104A,4114,23.83,,
200,Cosava Mare,2015,,publica stat,45.15263611,22.045,1350,1350,Caras Severin,O.S. Nera,II ,104B,4151,3.95,,
201,Cosava Mare,2015,,publica stat,45.15223333,22.04368611,1350,1350,Caras Severin,O.S. Nera,II ,104C,414,0.72,,
202,Cosava Mare,2015,,publica stat,45.15249444,22.04363889,1350,1350,Caras Severin,O.S. Nera,II ,104D,4151,0.71,,
203,Cosava Mare,2015,,publica stat,45.15425278,22.05067222,1300,1350,Caras Severin,O.S. Nera,II ,105A,4114,11.68,,
204,Cosava Mare,2015,,publica stat,45.15704444,22.05095,1300,1350,Caras Severin,O.S. Nera,II ,105B,4151,2.47,,
205,Cosava Mare,2015,,publica stat,45.15648056,22.0552,1200,1350,Caras Severin,O.S. Nera,II ,106A,4114,16.77,,
206,Cosava Mare,2015,,publica stat,45.16017778,22.05646389,1300,1350,Caras Severin,O.S. Nera,II ,106B,4151,4.79,,
207,Cosava Mare,2015,,publica stat,45.15865556,22.05671389,1300,1300,Caras Severin,O.S. Nera,II ,106C,4151,0.45,,
208,Cosava Mare,2015,,publica stat,45.15858333,22.06051111,1200,1350,Caras Severin,O.S. Nera,II ,107A,4114,21.11,,
209,Cosava Mare,2015,,publica stat,45.16314722,22.06076944,1250,1350,Caras Severin,O.S. Nera,II ,107B,4151,2.35,,
210,Cosava Mare,2015,,publica stat,45.16054444,22.06507222,1400,1400,Caras Severin,O.S. Nera,II ,107C,4151,1.32,,
211,Cosava Mare,2015,,publica stat,45.16348056,22.06645556,1400,1400,Caras Severin,O.S. Nera,II ,107D,4151,2.62,,
212,Cosava Mare,2015,,publica stat,45.15634444,22.06131944,1250,1400,Caras Severin,O.S. Nera,II ,108,4114,36.77,,
213,Cosava Mare,2015,,publica stat,45.15516111,22.05755833,1150,1350,Caras Severin,O.S. Nera,II ,109,4111,15.82,,
214,Cosava Mare,2015,,publica stat,45.15322778,22.05796944,1100,1350,Caras Severin,O.S. Nera,II ,110,4111,47.05,,
215,Cosava Mare,2015,,publica stat,45.15231389,22.05917222,1150,1350,Caras Severin,O.S. Nera,II ,111A,4111,38.66,,
216,Cosava Mare,2015,,publica stat,45.15327222,22.06389444,1250,1400,Caras Severin,O.S. Nera,II ,112A,4111,48.25,,
217,Cosava Mare,2015,,publica stat,45.14611667,22.06639722,1250,1400,Caras Severin,O.S. Nera,II ,113,4114,17.74,,
218,Cosava Mare,2015,,publica stat,45.14636389,22.06613333,1000,1350,Caras Severin,O.S. Nera,II ,114A,4114,26.82,,
219,Cosava Mare,2015,,publica stat,45.14298333,22.07127778,1350,1350,Caras Severin,O.S. Nera,II ,114B,4114,1.06,,
220,Cosava Mare,2015,,publica stat,45.14414167,22.06233333,1100,1350,Caras Severin,O.S. Nera,II ,115A,4111,52.69,,
221,Cosava Mare,2015,,publica stat,45.14357778,22.06662222,1300,1300,Caras Severin,O.S. Nera,II ,115B,4111,1.08,,
222,Cosava Mare,2015,,publica stat,45.14405556,22.066875,1300,1300,Caras Severin,O.S. Nera,II ,115C,4114,0.28,,
223,Cosava Mare,2015,,publica stat,45.14319722,22.06726944,1350,1350,Caras Severin,O.S. Nera,II ,115D,4114,0.83,,
224,Cosava Mare,2015,,publica stat,45.14239167,22.06635,1350,1350,Caras Severin,O.S. Nera,II ,115E,4114,0.77,,
225,Cosava Mare,2015,,publica stat,45.13915,22.06293333,1350,1350,Caras Severin,O.S. Nera,II ,115F,4114,0.31,,
226,Cosava Mare,2015,,publica stat,45.14073056,22.06701667,1350,1350,Caras Severin,O.S. Nera,II ,115G,4114,0.5,,
227,Cosava Mare,2015,,publica stat,45.13941111,22.06701667,1300,1300,Caras Severin,O.S. Nera,II ,115H,4114,1.75,,
228,Cosava Mare,2015,,publica stat,45.141725,22.06799722,1350,1350,Caras Severin,O.S. Nera,II ,115I,4114,2.72,,
229,Cosava Mare,2015,,publica stat,45.14116944,22.05751944,1000,1350,Caras Severin,O.S. Nera,II ,116A,4111,50.75,,
230,Cosava Mare,2015,,publica stat,45.13748333,22.06166667,1350,1350,Caras Severin,O.S. Nera,II ,116B,4114,0.31,,
231,Cosava Mare,2015,,publica stat,45.13943333,22.05444444,1000,1350,Caras Severin,O.S. Nera,II ,117,4111,20.14,,
232,Cosava Mare,2015,,publica stat,45.13889444,22.05555833,970,1300,Caras Severin,O.S. Nera,II ,118,4111,53.55,,
233,Cosava Mare,2015,,publica stat,45.13617778,22.05503889,970,1250,Caras Severin,O.S. Nera,II ,119,4111,28.6,,
234,Cosava Mare,2015,,publica stat,45.134925,22.05685833,960,1250,Caras Severin,O.S. Nera,II ,120,4111,35.29,,
235,Cosava Mare,2015,,publica stat,45.136825,22.06276944,1250,1350,Caras Severin,O.S. Nera,II ,121A,4111,29.92,,
236,Cosava Mare,2015,,publica stat,45.14017778,22.06765,1350,1350,Caras Severin,O.S. Nera,II ,121B,4114,1.73,,
237,Cosava Mare,2015,,publica stat,45.13970556,22.06640556,1350,1350,Caras Severin,O.S. Nera,II ,121C,4114,0.69,,
238,Cosava Mare,2015,,publica stat,45.13476111,22.05879722,1250,1300,Caras Severin,O.S. Nera,II ,121D,4114,2.25,,
239,Cosava Mare,2015,,publica stat,45.13765833,22.06660556,1150,1350,Caras Severin,O.S. Nera,II ,122A,4111,11.02,,
240,Cosava Mare,2015,,publica stat,45.14603611,22.07265278,1350,1350,Caras Severin,O.S. Nera,II ,122B,4114,0.74,,
241,Cosava Mare,2015,,publica stat,45.14018333,22.06814722,1300,1350,Caras Severin,O.S. Nera,II ,122C,4114,4.25,,
242,Cosava Mare,2015,,publica stat,45.13709722,22.0685,1100,1350,Caras Severin,O.S. Nera,II ,123A,4111,31.23,,
243,Cosava Mare,2015,,publica stat,45.14314444,22.06844167,1350,1350,Caras Severin,O.S. Nera,II ,123B,4114,0.56,,
244,Cosava Mare,2015,,publica stat,45.14337778,22.06940556,1350,1350,Caras Severin,O.S. Nera,II ,123C,4114,0.52,,
245,Cosava Mare,2015,,publica stat,45.13494444,22.06129167,1100,1300,Caras Severin,O.S. Nera,II ,124A,4111,38.86,,
246,Cosava Mare,2015,,publica stat,45.13138333,22.058175,1150,1300,Caras Severin,O.S. Nera,II ,125,4111,49.47,,
247,Cosava Mare,2015,,publica stat,45.13171111,22.06106944,970,1300,Caras Severin,O.S. Nera,II ,126,4111,47.58,,
248,Cosava Mare,2015,,publica stat,45.11953611,22.06405556,900,1250,Caras Severin,O.S. Nera,II ,127,4111,39.28,,
249,Cosava Mare,2015,,publica stat,45.10947222,22.06211667,900,1250,Caras Severin,O.S. Nera,II ,128,4111,36.89,,
250,Cosava Mare,2015,,publica stat,45.10690833,22.06239167,860,1200,Caras Severin,O.S. Nera,II ,129,4111,31.68,,
251,Cosava Mare,2015,,publica stat,45.10686111,22.06337222,800,1100,Caras Severin,O.S. Nera,II ,130A,4111,47.84,,
252,Cosava Mare,2015,,publica stat,45.107275,22.06082222,900,900,Caras Severin,O.S. Nera,II ,130B,4111,0.53,,
253,Cosava Mare,2015,,publica stat,45.10787222,22.06146389,920,950,Caras Severin,O.S. Nera,II ,130C,4111,1.47,,
254,Cosava Mare,2015,,publica stat,45.10824722,22.06220556,800,1000,Caras Severin,O.S. Nera,II ,131,4111,25.29,,
255,Cosava Mare,2015,,publica stat,45.10744722,22.06271111,880,1200,Caras Severin,O.S. Nera,II ,132A,4111,48.13,,
256,Cosava Mare,2015,,publica stat,45.10615556,22.06212222,950,1150,Caras Severin,O.S. Nera,II ,133,4111,21.82,,
257,Cosava Mare,2015,,publica stat,45.09977222,22.06648056,800,1050,Caras Severin,O.S. Nera,II ,134,4111,32.02,,
258,Cosava Mare,2015,,publica stat,45.09803333,22.06625833,780,1050,Caras Severin,O.S. Nera,II ,135A,4111,45.58,,
259,Cosava Mare,2015,,publica stat,45.09655833,22.06712778,780,1050,Caras Severin,O.S. Nera,II ,136,4111,35.96,,
260,Cosava Mare,2015,,publica stat,45.09316111,22.06567222,770,1000,Caras Severin,O.S. Nera,II ,137,4111,25.84,,
261,Cosava Mare,2015,,publica stat,45.08878056,22.06607778,770,1000,Caras Severin,O.S. Nera,II ,138A,4111,26.98,,
262,Cosava Mare,2015,,publica stat,45.08715,22.06585556,770,1000,Caras Severin,O.S. Nera,II ,139A,4111,22.85,,
263,Cosava Mare,2015,,publica stat,45.08366667,22.06492778,750,1000,Caras Severin,O.S. Nera,II ,140,4111,35.44,,
264,Cosava Mare,2015,,publica stat,45.07881667,22.06450556,700,980,Caras Severin,O.S. Nera,II ,141,4111,50.67,,
265,Cosava Mare,2015,,publica stat,45.06936389,22.05919722,670,930,Caras Severin,O.S. Nera,II ,142,4114,40.72,,
266,Cosava Mare,2015,,publica stat,45.06168611,22.05851944,670,930,Caras Severin,O.S. Nera,II ,143,4114,18.58,,
267,Nerganiţa,2015,,publica stat,45.08871667,22.07681111,820,1050,Caras Severin,O.S. Nera,III ,6,4111,32.79,,
268,Nerganiţa,2015,,publica stat,45.09291667,22.07801111,840,1050,Caras Severin,O.S. Nera,III ,7,4111,27.56,,
269,Nerganiţa,2015,,publica stat,45.09778611,22.0807,860,1050,Caras Severin,O.S. Nera,III ,8,4111,53.35,,
270,Nerganiţa,2015,,publica stat,45.10073333,22.08128056,900,1050,Caras Severin,O.S. Nera,III ,9,4111,47.51,,
271,Nerganiţa,2015,,publica stat,45.10333056,22.08021389,940,1250,Caras Severin,O.S. Nera,III ,10,4111,43.68,,
272,Nerganiţa,2015,,publica stat,45.10545278,22.08031111,940,1250,Caras Severin,O.S. Nera,III ,11,4111,40.46,,
273,Nerganiţa,2015,,publica stat,45.10662778,22.08132778,940,1250,Caras Severin,O.S. Nera,III ,12,4111,20.91,,
274,Nerganiţa,2015,,publica stat,45.11100278,22.08346389,940,1050,Caras Severin,O.S. Nera,III ,13,4111,34.73,,
275,Nerganiţa,2015,,publica stat,45.12081944,22.081875,980,1300,Caras Severin,O.S. Nera,III ,14,4111,45.58,,
276,Nerganiţa,2015,,publica stat,45.12389167,22.08216667,980,1250,Caras Severin,O.S. Nera,III ,15,4111,43.66,,
277,Nerganiţa,2015,,publica stat,45.12100833,22.08635,980,1200,Caras Severin,O.S. Nera,III ,16,4111,28.06,,
278,Nerganiţa,2015,,publica stat,45.12295278,22.08510278,1050,1100,Caras Severin,O.S. Nera,III ,17,4111,40.62,,
279,Nerganiţa,2015,,publica stat,45.12582778,22.08986389,1050,1300,Caras Severin,O.S. Nera,III ,18,4111,42.97,,
280,Nerganiţa,2015,,publica stat,45.13883333,22.09650833,1100,1300,Caras Severin,O.S. Nera,III ,19,4111,38.11,,
281,Nerganiţa,2015,,publica stat,45.14251111,22.09142778,1100,1300,Caras Severin,O.S. Nera,III ,20,4111,29.37,,
282,Nerganiţa,2015,,publica stat,45.14249167,22.08907222,1100,1300,Caras Severin,O.S. Nera,III ,21,4111,18.78,,
283,Nerganiţa,2015,,publica stat,45.14311389,22.083125,1150,1350,Caras Severin,O.S. Nera,III ,22,4111,42.15,,
284,Nerganiţa,2015,,publica stat,45.14750278,22.07948889,1150,1400,Caras Severin,O.S. Nera,III ,23A,4111,39.14,,
285,Nerganiţa,2015,,publica stat,45.14965,22.081525,1150,1300,Caras Severin,O.S. Nera,III ,24,4111,40.35,,
286,Nerganiţa,2015,,publica stat,45.15119444,22.08513056,1150,1350,Caras Severin,O.S. Nera,III ,25,4114,26.49,,
287,Nerganiţa,2015,,publica stat,45.15130278,22.08019167,1250,1400,Caras Severin,O.S. Nera,III ,26,4114,53.56,,
288,Nerganiţa,2015,,publica stat,45.15706389,22.07301667,1250,1400,Caras Severin,O.S. Nera,III ,27A,4114,38.69,,
289,Nerganiţa,2015,,publica stat,45.15883889,22.07566944,1250,1400,Caras Severin,O.S. Nera,III ,28A,4114,15.1,,
290,Nerganiţa,2015,,publica stat,45.16108611,22.07625556,1250,1400,Caras Severin,O.S. Nera,III ,29A,4151,46.13,,
291,Nerganiţa,2015,,publica stat,45.16328056,22.079025,1300,1400,Caras Severin,O.S. Nera,III ,30A,4151,22.87,,
292,Nerganiţa,2015,,publica stat,45.16640278,22.07148611,1300,1400,Caras Severin,O.S. Nera,III ,31,4151,17.25,,
293,Nerganiţa,2015,,publica stat,45.16292778,22.06686944,1350,1400,Caras Severin,O.S. Nera,III ,32,4151,8.39,,
294,Nerganiţa,2015,,publica stat,45.17179444,22.07905833,1350,1400,Caras Severin,O.S. Nera,III ,38,4151,29.1,,
295,Nerganiţa,2015,,publica stat,45.16235833,22.08345833,1300,1350,Caras Severin,O.S. Nera,III ,39A,4114,28.15,,
296,Nerganiţa,2015,,publica stat,45.15529444,22.08203333,1200,1300,Caras Severin,O.S. Nera,III ,40,4114,42.15,,
297,Nerganiţa,2015,,publica stat,45.15566944,22.08836111,1200,1300,Caras Severin,O.S. Nera,III ,41,4114,42.62,,
298,Nerganiţa,2015,,publica stat,45.15290278,22.09165,1150,1350,Caras Severin,O.S. Nera,III ,42,4114,25.04,,
299,Nerganiţa,2015,,publica stat,45.14875278,22.09004444,1100,1350,Caras Severin,O.S. Nera,III ,43A,4114,44.65,,
300,Nerganiţa,2015,,publica stat,45.14716667,22.09686111,1100,1350,Caras Severin,O.S. Nera,III ,44,4111,28.82,,
301,Nerganiţa,2015,,publica stat,45.14514722,22.09995556,1100,1300,Caras Severin,O.S. Nera,III ,45,4111,25.55,,
302,Nerganiţa,2015,,publica stat,45.14115278,22.10385278,1050,1200,Caras Severin,O.S. Nera,III ,46,4111,50.63,,
303,Nerganiţa,2015,,publica stat,45.13833611,22.10630556,1100,1300,Caras Severin,O.S. Nera,III ,47,4111,23.92,,
304,Nerganiţa,2015,,publica stat,45.14669444,22.10504167,1200,1400,Caras Severin,O.S. Nera,III ,48A,4111,18.14,,
305,Nerganiţa,2015,,publica stat,45.14823333,22.10929444,1200,1350,Caras Severin,O.S. Nera,III ,49A,4111,44.83,,
306,Nerganiţa,2015,,publica stat,45.13513889,22.10690556,1100,1200,Caras Severin,O.S. Nera,III ,50,4111,39.98,,
307,Nerganiţa,2015,,publica stat,45.13165833,22.10793889,1100,1300,Caras Severin,O.S. Nera,III ,51,4111,38.19,,
308,Nerganiţa,2015,,publica stat,45.12755,22.10118889,1050,1200,Caras Severin,O.S. Nera,III ,52,4111,39.6,,
309,Nerganiţa,2015,,publica stat,45.12290556,22.09531944,1000,1200,Caras Severin,O.S. Nera,III ,53,4111,45.94,,
310,Nerganiţa,2015,,publica stat,45.11760278,22.09083889,950,1200,Caras Severin,O.S. Nera,III ,54A,4111,42.25,,
311,Nerganiţa,2015,,publica stat,45.11399444,22.09178611,920,1150,Caras Severin,O.S. Nera,III ,55A,4111,30.87,,
312,Nerganiţa,2015,,publica stat,45.10873611,22.08831111,900,1150,Caras Severin,O.S. Nera,III ,56,4111,50.21,,
313,Nerganiţa,2015,,publica stat,45.09773056,22.08570556,880,1110,Caras Severin,O.S. Nera,III ,57,4111,37.05,,
314,Nerganiţa,2015,,publica stat,45.09616667,22.08740556,840,1050,Caras Severin,O.S. Nera,III ,58,4111,55.77,,
315,Nerganiţa,2015,,publica stat,45.093425,22.08541389,840,1050,Caras Severin,O.S. Nera,III ,59,4111,21.25,,
316,Nerganiţa,2015,,publica stat,45.09085556,22.08310833,840,1050,Caras Severin,O.S. Nera,III ,60A,4111,36.38,,
317,Nerganiţa,2015,,publica stat,45.08563611,22.08314167,820,1050,Caras Severin,O.S. Nera,III ,61A,4111,33.25,,
318,Nerganiţa,2015,,publica stat,45.07968611,22.08702222,750,1050,Caras Severin,O.S. Nera,III ,62A,4111,45.64,,
319,Nerganiţa,2015,,publica stat,45.075325,22.08656389,780,920,Caras Severin,O.S. Nera,III ,63A,4111,26.46,,
320,Varcipolea,2015,,publica stat,44.83475,22.40896389,920,1050,Caras Severin,O.S. Nera,V ,88A,4111,41.8,,
321,Varcipolea,2015,,publica stat,44.83310278,22.24222222,930,930,Caras Severin,O.S. Nera,V ,88B,4114,0.64,,
322,Varcipolea,2015,,publica stat,44.83606389,22.23698056,950,950,Caras Severin,O.S. Nera,V ,88C,4114,2.12,,
323,Straneac,2015,,publica stat,44.813975,22.23155833,950,1100,Caras Severin,O.S. Nera,V ,111A,4111,47.78,,
324,Straneac,2015,,publica stat,44.82290556,22.222925,940,940,Caras Severin,O.S. Nera,V ,111B,4111,0.23,,
325,Straneac,2015,,publica stat,44.81692778,22.22279167,940,1000,Caras Severin,O.S. Nera,V ,112A,4111,36.76,,
326,Straneac,2015,,publica stat,44.82007778,22.22246389,960,960,Caras Severin,O.S. Nera,V ,112B,4111,0.95,,
327,Straneac,2015,,publica stat,44.82703333,22.19778889,980,1100,Caras Severin,O.S. Nera,V ,120A,4111,21.42,,
328,Straneac,2015,,publica stat,44.83111111,22.19639722,960,1050,Caras Severin,O.S. Nera,V ,121A,4111,45.05,,
329,Straneac,2015,,publica stat,44.83057222,22.19042222,980,980,Caras Severin,O.S. Nera,V ,121B,4111,4.66,,
330,Meleia,2015,,publica stat,45.59444444,23.3525,1050,1330,Hunedoara,O.S. Gradiste,IV,101A,4111,21.28,,
331,Vl. Mica,2015,,publica stat,45.59777778,23.24361111,900,1150,Hunedoara,O.S. Gradiste,IV,169,4114,34.64,,
332,Vl. Mica,2015,,publica stat,45.60166667,23.2375,1040,1040,Hunedoara,O.S. Gradiste,IV,170A,4141,8.57,,
333,Vl. Mica,2015,,publica stat,45.60444444,23.23555556,760,860,Hunedoara,O.S. Gradiste,IV,170B,4114,3.36,,
334,Vl. Mica,2015,,publica stat,45.59888889,23.23416667,770,1040,Hunedoara,O.S. Gradiste,IV,171A,4141,15.77,,
335,Vl. Mica,2015,,publica stat,45.59527778,23.24222222,920,1140,Hunedoara,O.S. Gradiste,IV,172A,4114,18.95,,
336,Vl. Mica,2015,,publica stat,45.59305556,23.23,910,1040,Hunedoara,O.S. Gradiste,IV,172C,4161,2.71,,
337,Vl. Mica,2015,,publica stat,45.59305556,23.2325,1010,1110,Hunedoara,O.S. Gradiste,IV,174B,4161,2.95,,
338,Vl. Mica,2015,,publica stat,45.59944444,23.22027778,750,1100,Hunedoara,O.S. Gradiste,IV,179A,4114,28.96,179A,3.5
339,Vl. Mica,2015,,publica stat,45.68722222,23.19277778,760,990,Hunedoara,O.S. Gradiste,VI,44A,4114,6.68,,
340,Vl. Mica,2015,,publica stat,45.68833333,23.18777778,510,1050,Hunedoara,O.S. Gradiste,VI,44B,4243,45.25,,
341,Vl. Mica,2015,,publica stat,45.685,23.19277778,700,810,Hunedoara,O.S. Gradiste,VI,44C,4243,2.11,,
342,Lacurel,2016,,publica stat,45.44611111,22.82111111,570,1150,Hunedoara,O.S.Retezat,IV,215,5261,33.88,,
343,Lacurel,2016,,publica stat,45.44333333,22.82444444,610,1020,Hunedoara,O.S.Retezat,IV,216A,5261,17.32,,
344,Lacurel,2016,,publica stat,45.44166667,22.82722222,700,950,Hunedoara,O.S.Retezat,IV,216B,4213,8.34,,
345,Tabla,2016,,publica stat,45.43416667,22.75,600,1390,Hunedoara,O.S.Retezat,IV,232,4114,22.19,232,11.1
346,Tabla,2016,,publica stat,45.43722222,22.7925,600,1240,Hunedoara,O.S.Retezat,IV,233,4114,29.37,233,14.69
347,Tabla,2016,,publica stat,45.43888889,22.7875,760,1120,Hunedoara,O.S.Retezat,IV,234,4116,35.24,234,17.62
348,Scheiu,2016,,publica stat,45.29111111,22.62277778,1470,1700,Caras Severin,O.S.Retezat,IV,574,1153,50.41,,
349,Scheiu,2016,,publica stat,45.28472222,22.63583333,1290,1615,Caras Severin,O.S.Retezat,IV,575,1115,31.52,,
350,Scheiu,2016,,publica stat,45.2925,22.64138889,1215,1700,Caras Severin,O.S.Retezat,IV,577A,1115,11.54,,
351,Scheiu,2016,,publica stat,45.29527778,22.63777778,1215,1575,Caras Severin,O.S.Retezat,IV,577B,1154,2.21,,
352,Scheiu,2016,,publica stat,45.29027778,22.64138889,1235,1655,Caras Severin,O.S.Retezat,IV,577C,1115,15.79,,
353,Scheiu,2016,,publica stat,45.28916667,22.63944444,1255,1625,Caras Severin,O.S.Retezat,IV,577D,1115,3.32,,
354,Glodeasa,2013,,publica stat,45.38888889,25.74277778,920,1150,Prahova,OS Câmpina,V,69A,4111,36.45,,
355,Glodeasa,2013,,publica stat,45.39194444,25.73972222,910,960,Prahova,OS Câmpina,V,69B,2211,7.18,,
356,Glodeasa,2013,,publica stat,45.39416667,25.73583333,900,1100,Prahova,OS Câmpina,V,70,2211,39.8,,
357,Glodeasa,2013,,publica stat,45.3975,25.73111111,940,940,Prahova,OS Câmpina,V,71,2211,23.24,,
358,Glodeasa,2013,,publica stat,45.39972222,25.72916667,930,1100,Prahova,OS Câmpina,V,72A,2211,30.84,,
359,Glodeasa,2013,,publica stat,45.40138889,25.7225,980,1250,Prahova,OS Câmpina,V,73A,2211,38.21,,
360,Glodeasa,2013,,publica stat,45.40277778,25.7125,980,1250,Prahova,OS Câmpina,V,73B,2211,4.3,,
361,Glodeasa,2013,,publica stat,45.40527778,25.71444444,1050,1400,Prahova,OS Câmpina,V,74A,2211,9.63,,
362,Glodeasa,2013,,publica stat,45.40666667,25.70611111,1050,1400,Prahova,OS Câmpina,V,74B,4114,3.34,,
363,Glodeasa,2013,,publica stat,45.40638889,25.70972222,1050,1400,Prahova,OS Câmpina,V,74C,2211,22.88,,
364,Glodeasa,2013,,publica stat,45.40722222,25.71583333,1050,1200,Prahova,OS Câmpina,V,75A,2211,6.32,,
365,Glodeasa,2013,,publica stat,45.42555556,25.71583333,1200,1400,Prahova,OS Câmpina,V,75B,4111,3.55,,
366,Glodeasa,2013,,publica stat,45.40861111,25.71166667,1100,1200,Prahova,OS Câmpina,V,75C,2211,8.49,,
367,Glodeasa,2013,,publica stat,45.40944444,25.70638889,1100,1200,Prahova,OS Câmpina,V,75D,4114,1.97,,
368,Glodeasa,2013,,publica stat,45.40472222,25.72,940,1200,Prahova,OS Câmpina,V,76A,2211,24.16,,
369,Glodeasa,2013,,publica stat,45.40916667,25.71805556,1250,1250,Prahova,OS Câmpina,V,76B,2211,0.6,,
370,Glodeasa,2013,,publica stat,45.40583333,25.72444444,940,1150,Prahova,OS Câmpina,V,77A,2211,34.28,,
371,Glodeasa,2013,,publica stat,45.41083333,25.72194444,1200,1200,Prahova,OS Câmpina,V,77B,2211,8.51,,
372,Glodeasa,2013,,publica stat,45.40972222,25.72694444,1000,1200,Prahova,OS Câmpina,V,78,2211,36.86,,
373,Glodeasa,2013,,publica stat,45.40472222,25.73333333,930,930,Prahova,OS Câmpina,V,79A,2211,25.67,,
374,Glodeasa,2013,,publica stat,45.40277778,25.73388889,960,960,Prahova,OS Câmpina,V,79B,4114,0.77,,
375,Glodeasa,2013,,publica stat,45.40222222,25.73416667,960,960,Prahova,OS Câmpina,V,79C,4114,1.23,,
376,Glodeasa,2013,,publica stat,45.40833333,25.73583333,1000,1250,Prahova,OS Câmpina,V,80,2211,36.43,,
377,Glodeasa,2013,,publica stat,45.40416667,25.74083333,930,1150,Prahova,OS Câmpina,V,81,2211,28.69,,
378,Glodeasa,2013,,publica stat,45.39944444,25.74027778,920,1150,Prahova,OS Câmpina,V,82,2211,45.87,,
379,Glodeasa,2013,,publica stat,45.39333333,25.74472222,860,1000,Prahova,OS Câmpina,V,83A,4111,43,,
380,Glodeasa,2013,,publica stat,45.39638889,25.74333333,880,1100,Prahova,OS Câmpina,V,83C,2211,3.32,,
381,Contu,2013,,publica stat,45.54603889,23.89686944,1760,1825,Sibiu,O.S. Avrig,III ,48D,1154,8.48,,
382,Contu,2013,,publica stat,45.54170556,23.89623333,1720,1850,Sibiu,O.S. Avrig,III ,49B,1154,14.7,,
383,Contu,2013,,publica stat,45.53860556,23.89081667,1720,1845,Sibiu,O.S. Avrig,III ,50C,1154,9.25,,
384,Contu,2013,,publica stat,45.53515833,23.87401944,1710,1825,Sibiu,O.S. Avrig,III ,55B,1154,17.56,,
385,Contu,2013,,publica stat,45.53906944,23.87293889,1760,1825,Sibiu,O.S. Avrig,III ,56B,1154,1.66,,
386,Contu,2013,,publica stat,45.54012222,23.87132222,1760,1810,Sibiu,O.S. Avrig,III ,57C,1154,0.82,,
387,Contu,2013,,publica stat,45.53897778,23.86575556,1790,1850,Sibiu,O.S. Avrig,III ,58E,1153,7.2,,
388,Contu,2013,,publica stat,45.54456389,23.86508056,1780,1835,Sibiu,O.S. Avrig,III ,59D,1153,2.17,,
389,Contu,2013,,publica stat,45.547,23.86051944,1790,1860,Sibiu,O.S. Avrig,III ,64D,1154,6.61,,
390,Contu,2013,,publica stat,45.55107778,23.85825278,1795,1860,Sibiu,O.S. Avrig,III ,65E,1154,4.02,,
391,Contu,2013,,publica stat,45.55364722,23.856325,1790,1845,Sibiu,O.S. Avrig,III ,66E,1154,3.4,,
392,Contu,2013,,publica stat,45.55507778,23.85368611,1790,1845,Sibiu,O.S. Avrig,III ,67E,1154,3.85,,
393,Contu,2013,,publica stat,45.53844722,23.84564167,1815,1845,Sibiu,O.S. Avrig,III ,88C,1153,5.6,,
394,Contu,2013,,publica stat,45.5371,23.83779167,1775,1830,Sibiu,O.S. Avrig,III ,89B,1153,8.48,,
395,Curmatura Tihului,2011,,publica UAT,47.14173611,25.16568611,1480,1840,Suceava,comuna Mariselu/ O.S.Valea Şieului RA,IV,18A,1114,11.4,,
396,Curmatura Tihului,2011,,publica UAT,47.14173611,25.16568611,1480,1840,Suceava,comuna Mariselu/ O.S.Valea Şieului RA,IV,18B,1152,4.4,,
397,Curmatura Tihului,2011,,publica UAT,47.14173611,25.16568611,1480,1840,Suceava,comuna Mariselu/ O.S.Valea Şieului RA,IV,18C,1152,38,,
398,Curmatura Tihului,2011,,publica UAT,47.14173611,25.16568611,1480,1840,Suceava,comuna Mariselu/ O.S.Valea Şieului RA,IV,19A,1152,19.5,,
399,Curmatura Tihului,2011,,publica UAT,47.14173611,25.16568611,1480,1840,Suceava,comuna Mariselu/ O.S.Valea Şieului RA,IV,19B,1152,6.1,,
400,Curmatura Tihului,2011,,publica UAT,47.14173611,25.16568611,1480,1840,Suceava,comuna Mariselu/ O.S.Valea Şieului RA,IV,20,1154,22.1,,
401,Curmatura Tihului,2011,,publica UAT,47.14173611,25.16568611,1480,1840,Suceava,comuna Mariselu/ O.S.Valea Şieului RA,IV,21A,1154,12.2,,
402,Curmatura Tihului,2011,,publica UAT,47.14173611,25.16568611,1480,1840,Suceava,comuna Mariselu/ O.S.Valea Şieului RA,IV,21B,1154,27.5,,
403,Curmatura Tihului,2011,,publica UAT,47.14173611,25.16568611,1480,1840,Suceava,comuna Mariselu/ O.S.Valea Şieului RA,IV,21C,1151,12.8,,
404,Faţa Gardului - Rachitis,2011,,publica UAT,47.12243889,25.26708611,1450,1780,Suceava,comuna Mariselu/ O.S.Valea Şieului RA,IV,23A,1151,26.8,,
405,Faţa Gardului - Rachitis,2011,,publica UAT,47.12243889,25.26708611,1450,1780,Suceava,comuna Mariselu/ O.S.Valea Şieului RA,IV,56,1151,34.7,,
406,Faţa Gardului - Rachitis,2011,,publica UAT,47.12243889,25.26708611,1450,1780,Suceava,comuna Mariselu/ O.S.Valea Şieului RA,IV,57A,1153,19.6,,
407,Faţa Gardului - Rachitis,2011,,publica UAT,47.12243889,25.26708611,1450,1780,Suceava,comuna Mariselu/ O.S.Valea Şieului RA,IV,57B,1153,30.8,,
408,Faţa Gardului - Rachitis,2011,,publica UAT,47.12243889,25.26708611,1450,1780,Suceava,comuna Mariselu/ O.S.Valea Şieului RA,IV,57C,1153,0.9,,
409,Faţa Gardului - Rachitis,2011,,publica UAT,47.12243889,25.26708611,1450,1780,Suceava,comuna Mariselu/ O.S.Valea Şieului RA,IV,58A,1151,14.3,,
410,Faţa Gardului - Rachitis,2011,,publica UAT,47.12243889,25.26708611,1450,1780,Suceava,comuna Mariselu/ O.S.Valea Şieului RA,IV,58B,1153,6.5,,
411,Faţa Gardului - Rachitis,2011,,publica UAT,47.12243889,25.26708611,1450,1780,Suceava,comuna Mariselu/ O.S.Valea Şieului RA,IV,58E,1153,1.3,,
412,Faţa Gardului - Rachitis,2011,,publica UAT,47.12243889,25.26708611,1450,1780,Suceava,comuna Mariselu/ O.S.Valea Şieului RA,IV,59A,1151,21.3,,
413,Faţa Gardului - Rachitis,2011,,publica UAT,47.12243889,25.26708611,1450,1780,Suceava,comuna Mariselu/ O.S.Valea Şieului RA,IV,59B,1151,15,,
414,Faţa Gardului - Rachitis,2011,,publica UAT,47.12243889,25.26708611,1450,1780,Suceava,comuna Mariselu/ O.S.Valea Şieului RA,IV,59C,1151,3.8,,
415,Faţa Gardului - Rachitis,2011,,publica UAT,47.12243889,25.26708611,1450,1780,Suceava,comuna Mariselu/ O.S.Valea Şieului RA,IV,60A,1151,23.9,,
416,Faţa Gardului - Rachitis,2011,,publica UAT,47.12243889,25.26708611,1450,1780,Suceava,comuna Mariselu/ O.S.Valea Şieului RA,IV,60B,1151,28.3,,
417,Faţa Gardului - Rachitis,2011,,publica UAT,47.12243889,25.26708611,1450,1780,Suceava,comuna Mariselu/ O.S.Valea Şieului RA,IV,63A,1153,16.9,,
418,Faţa Gardului - Rachitis,2011,,publica UAT,47.12243889,25.26708611,1450,1780,Suceava,comuna Mariselu/ O.S.Valea Şieului RA,IV,63B,1153,14.5,,
419,Faţa Gardului - Rachitis,2011,,publica UAT,47.12243889,25.26708611,1450,1780,Suceava,comuna Mariselu/ O.S.Valea Şieului RA,IV,63C,1153,2.6,,
420,Faţa Gardului - Rachitis,2011,,publica UAT,47.12243889,25.26708611,1450,1780,Suceava,comuna Mariselu/ O.S.Valea Şieului RA,IV,63D,1153,0.9,,
421,Faţa Gardului - Rachitis,2011,,publica UAT,47.12243889,25.26708611,1450,1780,Suceava,comuna Mariselu/ O.S.Valea Şieului RA,IV,64A,1151,33.4,,
422,Faţa Gardului - Rachitis,2011,,publica UAT,47.12243889,25.26708611,1450,1780,Suceava,comuna Mariselu/ O.S.Valea Şieului RA,IV,64B,1141,15.3,,
423,Faţa Gardului - Rachitis,2011,,publica UAT,47.12243889,25.26708611,1450,1780,Suceava,comuna Mariselu/ O.S.Valea Şieului RA,IV,65A,1111,1.8,,
424,Faţa Gardului - Rachitis,2011,,publica UAT,47.12243889,25.26708611,1450,1780,Suceava,comuna Mariselu/ O.S.Valea Şieului RA,IV,65C,1114,29.7,,
425,Curmatura Tihului,2011,,publica UAT,47.14833889,25.13179167,1400,1650,Suceava,comuna Mariselu/ O.S.Valea Şieului RA,IV,164C,1111,6.9,,
426,Curmatura Tihului,2011,,publica UAT,47.14833889,25.13179167,1400,1650,Suceava,comuna Mariselu/ O.S.Valea Şieului RA,IV,164E,1111,0.8,,
427,Curmatura Tihului,2011,,publica UAT,47.14833889,25.13179167,1400,1650,Suceava,comuna Mariselu/ O.S.Valea Şieului RA,IV,164F,1114,4.5,,
428,Curmatura Tihului,2011,,publica UAT,47.14833889,25.13179167,1400,1650,Suceava,comuna Mariselu/ O.S.Valea Şieului RA,IV,164G,1152,5.9,,
429,Curmatura Tihului,2011,,publica UAT,47.14833889,25.13179167,1400,1650,Suceava,comuna Mariselu/ O.S.Valea Şieului RA,IV,164H,1152,2.1,,
430,Curmatura Tihului,2011,,publica UAT,47.14833889,25.13179167,1400,1650,Suceava,comuna Mariselu/ O.S.Valea Şieului RA,IV,165C,1114,6,,
431,Curmatura Tihului,2011,,publica UAT,47.14833889,25.13179167,1400,1650,Suceava,comuna Mariselu/ O.S.Valea Şieului RA,IV,165D,1152,6.3,,
432,Curmatura Tihului,2011,,publica UAT,47.14833889,25.13179167,1400,1650,Suceava,comuna Mariselu/ O.S.Valea Şieului RA,IV,165E,1152,6.9,,
433,Curmatura Tihului,2011,,publica UAT,47.14833889,25.13179167,1400,1650,Suceava,comuna Mariselu/ O.S.Valea Şieului RA,IV,165F,1152,4.1,,
434,Curmatura Tihului,2011,,publica UAT,47.14833889,25.13179167,1400,1650,Suceava,comuna Mariselu/ O.S.Valea Şieului RA,IV,169C,1152,4.9,,
435,Curmatura Tihului,2011,,publica UAT,47.14833889,25.13179167,1400,1650,Suceava,comuna Mariselu/ O.S.Valea Şieului RA,IV,174A,1114,13.6,,
436,Curmatura Tihului,2011,,publica UAT,47.14833889,25.13179167,1400,1650,Suceava,comuna Mariselu/ O.S.Valea Şieului RA,IV,175A,1152,38.7,,
437,Curmatura Tihului,2011,,publica UAT,47.14833889,25.13179167,1400,1650,Suceava,comuna Mariselu/ O.S.Valea Şieului RA,IV,176A,1114,19.2,,
438,Curmatura Tihului,2011,,publica UAT,47.14833889,25.13179167,1400,1650,Suceava,comuna Mariselu/ O.S.Valea Şieului RA,IV,176B,1152,2.4,,
439,Curmatura Tihului,2011,,publica UAT,47.14833889,25.13179167,1400,1650,Suceava,comuna Mariselu/ O.S.Valea Şieului RA,IV,177C,1152,4.9,,
440,PN P. Craiului,2014,,Privata PJ,45.45585278,25.18460556,1300,1450,Arges,AOS CARPATHIA,I PIATRA CRAIULUI,179B,1343,21.3,,
441,PN P. Craiului,2014,,Privata PJ,45.45183333,25.18539722,1300,1450,Arges,AOS CARPATHIA,I PIATRA CRAIULUI,180,1343,16.8,,
442,PN P. Craiului,2014,,Privata PJ,45.449175,25.18454167,1100,1350,Arges,AOS CARPATHIA,I PIATRA CRAIULUI,181A,1343,3.5,,
443,PN P. Craiului,2014,,Privata PJ,45.44895556,25.18610556,1300,1350,Arges,AOS CARPATHIA,I PIATRA CRAIULUI,181B,1343,1.5,,
444,PN P. Craiului,2014,,Privata PJ,45.44691667,25.18584444,1050,1300,Arges,AOS CARPATHIA,I PIATRA CRAIULUI,184B,1343,4.8,,
445,PN P. Craiului,2014,,Privata PJ,45.42746111,25.1958,780,1150,Arges,AOS CARPATHIA,I PIATRA CRAIULUI,188B(E),1343,12,,
446,PN P. Craiului,2014,,Privata PJ,45.42359444,25.19519444,800,1350,Arges,AOS CARPATHIA,I PIATRA CRAIULUI,189,1343,22.2,,
447,Ciucas,2013,,publica UAT,46.64989167,24.33948611,1050,1430,Brasov,RPLP Kronstadt RA,I Ciucas,46A,1341,30.1,,
448,Ciucas,2013,,publica UAT,46.64931944,24.33344167,1150,1360,Brasov,RPLP Kronstadt RA,I Ciucas,47A,1341,6.1,,
449,Ciucas,2013,,publica UAT,46.65313333,24.33066111,1250,1490,Brasov,RPLP Kronstadt RA,I Ciucas,47B,1343,15.9,,
450,Ciucas,2013,,publica UAT,46.64836389,24.33110833,1035,1500,Brasov,RPLP Kronstadt RA,I Ciucas,48A,1341,58.1,,
451,Ciucas,2013,,publica UAT,46.64402222,24.33643333,1035,1390,Brasov,RPLP Kronstadt RA,I Ciucas,49B,1341,18.7,,
452,Ciucas,2013,,publica UAT,46.64466389,24.33086111,1310,1435,Brasov,RPLP Kronstadt RA,I Ciucas,49C,1343,10.3,,
453,Ciucas,2013,,publica UAT,46.64567778,24.331825,1330,1375,Brasov,RPLP Kronstadt RA,I Ciucas,49D,1341,1.4,,
454,Ciucas,2013,,publica UAT,46.64341389,24.32394444,1100,1580,Brasov,RPLP Kronstadt RA,I Ciucas,54A,1343,66.5,,
455,Ciucas,2013,,publica UAT,46.63844722,24.32576389,1100,1100,Brasov,RPLP Kronstadt RA,I Ciucas,54B,1311,2.3,,
456,Ciucas,2013,,publica UAT,46.66244167,24.34724444,1110,1610,Brasov,RPLP Kronstadt RA,I Ciucas,37,1343,27.9,,
457,Ciucas,2013,,publica UAT,46.65845833,24.34455833,1100,1625,Brasov,RPLP Kronstadt RA,I Ciucas,38A,1161,57.8,,
458,Ciucas,2013,,publica UAT,46.65045833,24.34485,1035,1310,Brasov,RPLP Kronstadt RA,I Ciucas,44B,1343,18.1,,
459,Ciucas,2013,,publica UAT,46.65517778,24.335125,1210,1675,Brasov,RPLP Kronstadt RA,I Ciucas,45A,1161,57.2,,
460,Doftana,2013,,publica UAT,46.52183889,24.23700278,1250,1450,Brasov,RPLP Kronstadt RA,II Târlung,47B,4114,10.8,,
461,Doftana,2013,,publica UAT,46.51846944,24.23578611,1250,1450,Brasov,RPLP Kronstadt RA,II Târlung,48B,4114,29.1,,
462,Doftana,2013,,publica UAT,46.51376944,24.236825,1250,1450,Brasov,RPLP Kronstadt RA,II Târlung,49B,4114,17.1,,
463,Barc,2014,,publica UAT,45.56136111,25.28498611,850,1100,Brasov,RPLP PIATRA CRAIULUI RA,II ZARNESTI,4,1321,31.7,,
464,Barc,2014,,publica UAT,45.56123611,25.27800556,890,1100,Brasov,RPLP PIATRA CRAIULUI RA,II ZARNESTI,5A,2211,11.1,,
465,Barc,2014,,publica UAT,45.56083333,25.27921111,1000,1000,Brasov,RPLP PIATRA CRAIULUI RA,II ZARNESTI,5C,2211,0.2,,
466,Culmea Banciului,2015,,Privata PJ,45.97805556,24.47305556,1150,1450,Brasov,Comp Piciorul Batrân / OS Pad. Fagarasului,I,65 A,1342,12.3,,
467,Culmea Banciului,2015,,Privata PJ,45.98361111,24.46722222,1350,1700,Brasov,Comp Piciorul Batrân / OS Pad. Fagarasului,I,66 A,1153,11.7,,
468,Culmea Banciului,2015,,Privata PJ,45.9825,24.46166667,1350,1600,Brasov,Comp Piciorul Batrân / OS Pad. Fagarasului,I,67 A,1153,7.7,,
469,Culmea Banciului,2015,,Privata PJ,45.98027778,24.46027778,1300,1750,Brasov,Comp Piciorul Batrân / OS Pad. Fagarasului,I,68 B,1153,27.8,,
470,Culmea Banciului,2015,,Privata PJ,45.97583333,24.465,1250,1500,Brasov,Comp Piciorul Batrân / OS Pad. Fagarasului,I,69 B,1153,11.1,,
471,Culmea Banciului,2015,,Privata PJ,45.97861111,24.46944444,1200,1350,Brasov,Comp Piciorul Batrân / OS Pad. Fagarasului,I,65 B,1342,2.6,,
472,Culmea Banciului,2015,,Privata PJ,45.98472222,24.47083333,1650,1650,Brasov,Comp Piciorul Batrân / OS Pad. Fagarasului,I,65 E,1153,1.9,,
473,Culmea Banciului,2015,,Privata PJ,45.98305556,24.46416667,1350,1650,Brasov,Comp Piciorul Batrân / OS Pad. Fagarasului,I,66 E,1153,5.9,,
474,Culmea Banciului,2015,,Privata PJ,45.98583333,24.46611111,1550,1700,Brasov,Comp Piciorul Batrân / OS Pad. Fagarasului,I,66 D,1153,0.7,,
475,Culmea Banciului,2015,,Privata PJ,45.985,24.46527778,1500,1650,Brasov,Comp Piciorul Batrân / OS Pad. Fagarasului,I,66 C,1153,3,,
476,Culmea Banciului,2015,,Privata PJ,45.98388889,24.46611111,1350,1700,Brasov,Comp Piciorul Batrân / OS Pad. Fagarasului,I,66 B,1153,3.8,,
477,Culmea Banciului,2015,,Privata PJ,45.98222222,24.46,1350,1600,Brasov,Comp Piciorul Batrân / OS Pad. Fagarasului,I,67 B,1153,2.1,,
478,Culmea Banciului,2015,,Privata PJ,45.98388889,24.45861111,1500,1600,Brasov,Comp Piciorul Batrân / OS Pad. Fagarasului,I,67 C,1153,2.6,,
479,Culmea Banciului,2015,,Privata PJ,45.98166667,24.46083333,1350,1600,Brasov,Comp Piciorul Batrân / OS Pad. Fagarasului,I,68 D,1153,1.9,,
480,Culmea Banciului,2015,,Privata PJ,45.97833333,24.46083333,1550,1550,Brasov,Comp Piciorul Batrân / OS Pad. Fagarasului,I,68 C,1153,0.7,,
481,Culmea Banciului,2015,,Privata PJ,45.97833333,24.4675,1200,1400,Brasov,Comp Piciorul Batrân / OS Pad. Fagarasului,I,68 A,1342,2.9,,
482,Culmea Banciului,2015,,Privata PJ,45.97694444,24.46722222,1200,1400,Brasov,Comp Piciorul Batrân / OS Pad. Fagarasului,I,69 A,1342,5.4,,
483,Culmea Banciului,2015,,Privata PJ,45.98,24.46888889,1300,1500,Brasov,Comp Piciorul Batrân / OS Pad. Fagarasului,I,65 C,1114,8.4,,
484,Stânisoara,2016,,Privata PJ,45.62837222,25.04333333,900,1200,Brasov,Comp Plaiul Manului Ilieni / OS Pad. Fagarasului,I,106 A,2231,18.8,,
485,Stânisoara,2016,,Privata PJ,45.64694444,25.05111111,850,1200,Brasov,Comp Plaiul Manului Ilieni / OS Pad. Fagarasului,I,116 B,4141,10.7,,
486,Stânisoara,2016,,Privata PJ,45.64694444,25.05111111,780,1050,Brasov,Comp Plaiul Manului Ilieni / OS Pad. Fagarasului,I,117 A,1341,22.8,,
487,Stânisoara,2016,,Privata PJ,45.64694444,25.05111111,760,1100,Brasov,Comp Plaiul Manului Ilieni / OS Pad. Fagarasului,I,118 A,1341,24.9,,
488,Stânisoara,2016,,Privata PJ,45.62837222,25.04333333,890,1200,Brasov,Comp Plaiul Manului Ilieni / OS Pad. Fagarasului,I,105 A,2231,13.8,,
489,Stânisoara,2016,,Privata PJ,45.62837222,25.04333333,1150,1300,Brasov,Comp Plaiul Manului Ilieni / OS Pad. Fagarasului,I,105 B,1331,11.3,,
490,Stânisoara,2016,,Privata PJ,45.62837222,25.04333333,1350,1350,Brasov,Comp Plaiul Manului Ilieni / OS Pad. Fagarasului,I,105 F,4151,0.7,,
491,Stânisoara,2016,,Privata PJ,45.62837222,25.04333333,1300,1400,Brasov,Comp Plaiul Manului Ilieni / OS Pad. Fagarasului,I,105 E,1141,2.1,,
492,Stânisoara,2016,,Privata PJ,45.62837222,25.04333333,1450,1550,Brasov,Comp Plaiul Manului Ilieni / OS Pad. Fagarasului,I,105 D,1141,1.3,,
493,Stânisoara,2016,,Privata PJ,45.62837222,25.04333333,1400,1400,Brasov,Comp Plaiul Manului Ilieni / OS Pad. Fagarasului,I,106 C,1141,0.7,,
494,Stânisoara,2016,,Privata PJ,45.62837222,25.04333333,1200,1400,Brasov,Comp Plaiul Manului Ilieni / OS Pad. Fagarasului,I,106 B,2231,16.8,,
495,Stânisoara,2016,,Privata PJ,45.62837222,25.04333333,1200,1250,Brasov,Comp Plaiul Manului Ilieni / OS Pad. Fagarasului,I,107 B,2212,1.7,,
496,Stânisoara,2016,,Privata PJ,45.64694444,25.05111111,1150,1300,Brasov,Comp Plaiul Manului Ilieni / OS Pad. Fagarasului,I,116 D,4141,8.5,,
497,Stânisoara,2016,,Privata PJ,45.64694444,25.05111111,850,900,Brasov,Comp Plaiul Manului Ilieni / OS Pad. Fagarasului,I,116 E,4141,1.2,,
498,Stânisoara,2016,,Privata PJ,45.64694444,25.05111111,810,880,Brasov,Comp Plaiul Manului Ilieni / OS Pad. Fagarasului,I,116 A,1331,0.7,,
499,Stânisoara,2016,,Privata PJ,45.64694444,25.05111111,770,770,Brasov,Comp Plaiul Manului Ilieni / OS Pad. Fagarasului,I,117 V,,0.8,,
500,Stânisoara,2016,,Privata PJ,45.64694444,25.05111111,880,1300,Brasov,Comp Plaiul Manului Ilieni / OS Pad. Fagarasului,I,117 B,1341,14,,
501,Pr. Calului,2015,,Privata PJ,45.82222222,24.49222222,1200,1700,Brasov,Comp Zanoaga / OS Pad. Fagarasului,I,49,1153,27.3,,
502,Pr. Calului,2015,,Privata PJ,45.82277778,24.48416667,1300,1750,Brasov,Comp Zanoaga / OS Pad. Fagarasului,I,51,1153,21,,
503,Pr. Calului,2015,,Privata PJ,45.82055556,24.48833333,1250,1750,Brasov,Comp Zanoaga / OS Pad. Fagarasului,I,50 A,1153,20.5,,
504,Pr. Calului,2015,,Privata PJ,45.81972222,24.49861111,1200,1500,Brasov,Comp Zanoaga / OS Pad. Fagarasului,I,48 B,1114,15.5,,
505,Pr. Calului,2015,,Privata PJ,45.81916667,24.50361111,1100,1300,Brasov,Comp Zanoaga / OS Pad. Fagarasului,I,47 C,1341,4.8,,
506,Pr. Calului,2015,,Privata PJ,45.82027778,24.50111111,1200,1300,Brasov,Comp Zanoaga / OS Pad. Fagarasului,I,47 B,1114,0.4,,
507,Belia Mare,2015,,Privata PJ,45.62995,24.96042222,1200,1400,Brasov,Comp. Hârtop Baba / OS Pad. Fagarasului,I,71A,1331,3.6,,
508,Belia Mare,2015,,Privata PJ,45.62995,24.96042222,1250,1700,Brasov,Comp. Hârtop Baba / OS Pad. Fagarasului,I,71B,1153,69.8,,
509,Belia Mare,2015,,Privata PJ,45.62995,24.96042222,1600,1600,Brasov,Comp. Hârtop Baba / OS Pad. Fagarasului,I,71C,1153,0.9,,
510,Belia Mare,2015,,Privata PJ,45.62995,24.96042222,1650,1650,Brasov,Comp. Hârtop Baba / OS Pad. Fagarasului,I,71D,1153,0.5,,
511,Pr. Laptelui,2016,,publica UAT,45.61129722,25.01722778,1100,1450,Brasov,com. Hârseni / OS Pad. Fagarasului,I,80 A,1341,16.1,,
512,Pr. Laptelui,2016,,publica UAT,45.61129722,25.01722778,1350,1550,Brasov,com. Hârseni / OS Pad. Fagarasului,I,80 D,1113,10.7,,
513,Pr. Laptelui,2016,,publica UAT,45.61129722,25.01722778,1250,1350,Brasov,com. Hârseni / OS Pad. Fagarasului,I,80 F,1113,2,,
514,Pr. Laptelui,2016,,publica UAT,45.61129722,25.01722778,1500,1500,Brasov,com. Hârseni / OS Pad. Fagarasului,I,80 C,1113,0.5,,
515,Pr. Gongu,2015,,publica UAT,45.64686111,24.89044722,950,1350,Brasov,com. Lisa / OS Pad. Fagarasului,I,29 A,1341,23.1,,
516,Pr. Gongu,2015,,publica UAT,45.64686111,24.89044722,920,1400,Brasov,com. Lisa / OS Pad. Fagarasului,I,30 A,1341,24.3,,
517,Pr. Gongu,2015,,publica UAT,45.64686111,24.89044722,950,950,Brasov,com. Lisa / OS Pad. Fagarasului,I,29 N,,0.4,,
518,Pr. Gongu,2015,,publica UAT,45.64686111,24.89044722,1050,1450,Brasov,com. Lisa / OS Pad. Fagarasului,I,30 B,1153,12.6,,
519,Culmea Izvorului,2015,,publica UAT,45.651775,24.791,940,1350,Brasov,com. Sâmbata de Sus / OS Pad. Fagarasului,I,42 A,1341,13.4,,
520,Culmea Izvorului,2015,,publica UAT,45.651775,24.791,1000,1350,Brasov,com. Sâmbata de Sus / OS Pad. Fagarasului,I,43 A,1341,16,,
521,Culmea Izvorului,2015,,publica UAT,45.651775,24.791,1300,1500,Brasov,com. Sâmbata de Sus / OS Pad. Fagarasului,I,43 B,1151,13.9,,
522,Culmea Izvorului,2015,,publica UAT,45.651775,24.791,1200,1350,Brasov,com. Sâmbata de Sus / OS Pad. Fagarasului,I,42 B,1151,1.4,,
523,Rindibou,2014,,publica UAT,45.57642222,24.28158333,640,1210,Sibiu,com. Turnu Rosu/ O.S. Dealul Sibiului,Turnu Rosu,73,4131,23.9,,
524,Rindibou,2014,,publica UAT,45.58500278,24.29115556,685,1260,Sibiu,com. Turnu Rosu/ O.S. Dealul Sibiului,Turnu Rosu,72,4131,40.5,,
525,Rindibou,2014,,publica UAT,45.58195556,24.31014444,720,930,Sibiu,com. Turnu Rosu/ O.S. Dealul Sibiului,Turnu Rosu,71,4114,8.5,,
526,Rindibou,2014,,publica UAT,45.58573889,24.31236944,715,1300,Sibiu,com. Turnu Rosu/ O.S. Dealul Sibiului,Turnu Rosu,70,4114,38.2,,
527,Rindibou,2014,,publica UAT,45.58250833,24.31620833,1010,1300,Sibiu,com. Turnu Rosu/ O.S. Dealul Sibiului,Turnu Rosu,69,4131,11.9,,
528,Rindibou,2014,,publica UAT,45.58281111,24.14825,970,1280,Sibiu,com. Turnu Rosu/ O.S. Dealul Sibiului,Turnu Rosu,68B,4131,14.3,,
529,Rindibou,2014,,publica UAT,45.583075,24.32200833,1010,1380,Sibiu,com. Turnu Rosu/ O.S. Dealul Sibiului,Turnu Rosu,68A,4114,45.8,,
530,Sebesu de Jos,2014,,publica UAT,45.59751944,24.37713333,910,1350,Sibiu,com. Turnu Rosu/ O.S. Dealul Sibiului,Turnu Rosu,87A,1341,32.98,,
531,Sebesu de Jos,2014,,publica UAT,45.58893056,24.37726389,1200,1350,Sibiu,com. Turnu Rosu/ O.S. Dealul Sibiului,Turnu Rosu,87B,1153,0.4,,
532,Sebesu de Jos,2014,,publica UAT,45.59211944,24.382225,1300,1450,Sibiu,com. Turnu Rosu/ O.S. Dealul Sibiului,Turnu Rosu,87C,1114,15.9,,
533,Sebesu de Jos,2014,,publica UAT,45.59028889,24.39968333,1400,1600,Sibiu,com. Turnu Rosu/ O.S. Dealul Sibiului,Turnu Rosu,87D,1153,5.3,,
534,Sebesu de Jos,2014,,publica UAT,45.58740833,24.38024722,1250,1420,Sibiu,com. Turnu Rosu/ O.S. Dealul Sibiului,Turnu Rosu,87E,1153,1,,
535,Sebesu de Jos,2014,,publica UAT,45.58818611,24.37845833,1250,1400,Sibiu,com. Turnu Rosu/ O.S. Dealul Sibiului,Turnu Rosu,87F,4161,1.8,,
536,Sebesu de Jos,2014,,publica UAT,45.58558056,24.37993056,1210,1410,Sibiu,com. Turnu Rosu/ O.S. Dealul Sibiului,Turnu Rosu,87G,4161,3.3,,
537,Pleasa de Sebes,2014,,publica UAT,45.58963611,24.363325,1050,1450,Sibiu,com. Turnu Rosu/ O.S. Dealul Sibiului,Turnu Rosu,101,1341,30.1,,
538,Pleasa de Sebes,2014,,publica UAT,45.58887778,24.35842222,1150,1320,Sibiu,com. Turnu Rosu/ O.S. Dealul Sibiului,Turnu Rosu,102A,4131,13.4,,
539,Pleasa de Sebes,2014,,publica UAT,45.58878889,24.35764444,1290,1410,Sibiu,com. Turnu Rosu/ O.S. Dealul Sibiului,Turnu Rosu,102B,1341,3.4,,
540,Pleasa de Sebes,2014,,publica UAT,45.59093889,24.35725278,950,1220,Sibiu,com. Turnu Rosu/ O.S. Dealul Sibiului,Turnu Rosu,103A,4131,20.5,,
541,Pleasa de Sebes,2014,,publica UAT,45.58952222,24.35653333,1250,1350,Sibiu,com. Turnu Rosu/ O.S. Dealul Sibiului,Turnu Rosu,103B,4131,5.2,,
542,Pleasa de Sebes,2014,,publica UAT,45.58856111,24.35588056,1300,1350,Sibiu,com. Turnu Rosu/ O.S. Dealul Sibiului,Turnu Rosu,103C,4151,2.5,,
543,Pleasa de Sebes,2014,,publica UAT,45.58985833,24.35494722,920,1330,Sibiu,com. Turnu Rosu/ O.S. Dealul Sibiului,Turnu Rosu,104,2212,19.5,,
544,Pr. Strâmbisoara,2015,,publica UAT,45.67215,25.18536389,850,1000,Brasov,com Șinca / OS Padurile Șincii,1 Șinca,23A,2211,5,,
545,Pr. Strâmbisoara,2015,,publica UAT,45.67299167,25.18728611,950,1100,Brasov,com Șinca / OS Padurile Șincii,1 Șinca,23B,2212,11,,
546,Pr. Strâmbisoara,2015,,publica UAT,45.66731389,25.18886944,950,1300,Brasov,com Șinca / OS Padurile Șincii,1 Șinca,24A,2212,22.9,,
547,Pr. Strâmbisoara,2015,,publica UAT,45.66763611,25.18554722,800,1300,Brasov,com Șinca / OS Padurile Șincii,1 Șinca,25,4111,16.4,,
548,Pr. Strâmbisoara,2015,,publica UAT,45.66646944,25.16748333,850,1250,Brasov,com Șinca / OS Padurile Șincii,1 Șinca,38,2211,38.9,,
549,Pr. Strâmbisoara,2015,,publica UAT,45.66308056,25.16366667,960,1250,Brasov,com Șinca / OS Padurile Șincii,1 Șinca,39,2211,17.1,,
550,Pr. Strâmbisoara,2015,,publica UAT,45.67059167,25.18985278,1000,1050,Brasov,com Șinca / OS Padurile Șincii,1 Șinca,24B,2212,5,,
551,Pr. Strâmbisoara,2015,,publica UAT,45.66640278,25.172675,850,1200,Brasov,com Șinca / OS Padurile Șincii,1 Șinca,37A,2211,21.4,,
552,Pr. Strâmbisoara,2015,,publica UAT,45.65922222,25.16114167,1100,1350,Brasov,com Șinca / OS Padurile Șincii,1 Șinca,40A,2211,19,,
555,Pr. Strâmbisoara,2015,,publica UAT,45.66016667,25.15779722,1100,1350,Brasov,com Șinca / OS Padurile Șincii,1 Șinca,41A,2211,11.4,,
558,Pr. Strâmbisoara,2015,,publica UAT,45.66848889,25.16201667,850,1250,Brasov,com Șinca / OS Padurile Șincii,1 Șinca,43A,1341,27.6,,
559,Pr. Strâmbisoara,2015,,publica UAT,45.671175,25.16413611,950,1300,Brasov,com Șinca / OS Padurile Șincii,1 Șinca,43B,4111,19.9,,
560,Pr. Strâmbisoara,2015,,publica UAT,45.67300278,25.17378333,800,1100,Brasov,com Șinca / OS Padurile Șincii,1 Șinca,44A,2212,18,,
561,Pr. Strâmbisoara,2015,,publica UAT,45.66528056,25.15985556,1000,1250,Brasov,com Șinca / OS Padurile Șincii,1 Șinca,42A,2211,24.4,,
562,Pr. Strâmbisoara,2015,,publica UAT,45.66498611,25.15647222,1150,1350,Brasov,com Șinca / OS Padurile Șincii,1 Șinca,42B,4111,11.9,,
563,Valea Vâja,2016,studiu Forest Grup Proiect aviz 907/2016,Privata PJ,45.31780278,25.30208611,1450,1650,Arges,Romfor Sustainable Forestry SRL / AOS Carpathia,I Arges,82B,1153,15.15,,
564,Valea Vâja,2016,studiu Forest Grup Proiect aviz 907/2016,Privata PJ,45.31166389,25.30288889,1450,1700,Arges,Romfor Sustainable Forestry SRL / AOS Carpathia,I Arges,83B,1153,28.84,,
565,Valea Oboarelor,2016,studiu Forest Grup Proiect aviz 907/2016,Privata PJ,45.30097222,25.29564167,1500,1750,Arges,Romfor Sustainable Forestry SRL / AOS Carpathia,I Arges,104B,1142,10.24,,
566,Valea Oboarelor,2016,studiu Forest Grup Proiect aviz 907/2016,Privata PJ,45.29908611,25.29421111,1500,1600,Arges,Romfor Sustainable Forestry SRL / AOS Carpathia,I Arges,109C,1142,3.75,,
567,Valea Oboarelor,2016,studiu Forest Grup Proiect aviz 907/2016,Privata PJ,45.29772222,25.29771389,1500,1600,Arges,Romfor Sustainable Forestry SRL / AOS Carpathia,I Arges,110B,1142,5.74,,
568,Valea Oboarelor,2016,studiu Forest Grup Proiect aviz 907/2016,Privata PJ,45.29536111,25.2972,1400,1450,Arges,Romfor Sustainable Forestry SRL / AOS Carpathia,I Arges,111B,1142,2.57,,
569,Valea Oboarelor,2016,studiu Forest Grup Proiect aviz 907/2016,Privata PJ,45.29659167,25.44722222,1500,1650,Arges,Romfor Sustainable Forestry SRL / AOS Carpathia,I Arges,111C,1142,4.87,,
570,Valea Oboarelor,2016,studiu Forest Grup Proiect aviz 907/2016,Privata PJ,45.29478333,25.29293333,1300,1550,Arges,Romfor Sustainable Forestry SRL / AOS Carpathia,I Arges,112B,1341,5.42,,
571,Valea Oboarelor,2016,studiu Forest Grup Proiect aviz 907/2016,Privata PJ,45.29319167,25.29167222,1300,1600,Arges,Romfor Sustainable Forestry SRL / AOS Carpathia,I Arges,113,1341,9.51,,
572,Valea Oboarelor,2016,studiu Forest Grup Proiect aviz 907/2016,Privata PJ,45.29118056,25.29383333,1400,1650,Arges,Romfor Sustainable Forestry SRL / AOS Carpathia,I Arges,114A,1151,6.9,,
573,Valea Oboarelor,2016,studiu Forest Grup Proiect aviz 907/2016,Privata PJ,45.28882222,25.29332222,1650,1700,Arges,Romfor Sustainable Forestry SRL / AOS Carpathia,I Arges,114B,1142,11.97,,
574,Valea Oboarelor,2016,studiu Forest Grup Proiect aviz 907/2016,Privata PJ,45.28777222,25.28913611,1600,1700,Arges,Romfor Sustainable Forestry SRL / AOS Carpathia,I Arges,115B,1142,7.55,,
575,Valea lui Coman,2016,studiu Forest Grup Proiect aviz 907/2016,Privata PJ,45.24019444,25.24504444,820,1050,Arges,Romfor Sustainable Forestry SRL / AOS Carpathia,I Arges,183B,4114,31.07,,
576,Valea lui Coman,2016,studiu Forest Grup Proiect aviz 907/2016,Privata PJ,45.23870833,25.24954722,890,1050,Arges,Romfor Sustainable Forestry SRL / AOS Carpathia,I Arges,184B,4114,8.12,,
577,Valea lui Coman,2016,studiu Forest Grup Proiect aviz 907/2016,Privata PJ,45.23994167,25.25330833,870,1050,Arges,Romfor Sustainable Forestry SRL / AOS Carpathia,I Arges,185B,4114,22.15,,
578,Valea Marginea Domneasca,2016,studiu Forest Grup Proiect aviz 907/2016,Privata PJ,45.26246111,25.26251944,1200,1350,Arges,Romfor Sustainable Forestry SRL / AOS Carpathia,I Arges,189B,1153,3.12,,
579,Valea Marginea Domneasca,2016,studiu Forest Grup Proiect aviz 907/2016,Privata PJ,45.26386667,25.26703889,1200,1350,Arges,Romfor Sustainable Forestry SRL / AOS Carpathia,I Arges,190B,1153,6.14,,
580,Valea Marginea Domneasca,2016,studiu Forest Grup Proiect aviz 907/2016,Privata PJ,45.26432222,25.27456111,1250,1400,Arges,Romfor Sustainable Forestry SRL / AOS Carpathia,I Arges,191B,1153,11.9,,
581,Valea Marginea Domneasca,2016,studiu Forest Grup Proiect aviz 907/2016,Privata PJ,45.26013056,25.27554167,1200,1400,Arges,Romfor Sustainable Forestry SRL / AOS Carpathia,I Arges,192B,1153,11.7,,
582,Valea Marginea Domneasca,2016,studiu Forest Grup Proiect aviz 907/2016,Privata PJ,45.2623,25.28056667,1400,1450,Arges,Romfor Sustainable Forestry SRL / AOS Carpathia,I Arges,193B,1153,2.93,,
583,Valea lui Coman,2016,studiu Forest Grup Proiect aviz 907/2016,Privata PJ,45.23212778,25.26404722,790,920,Arges,Romfor Sustainable Forestry SRL / AOS Carpathia,I Arges,210A,1342,16.35,,
584,Valea lui Coman,2016,studiu Forest Grup Proiect aviz 907/2016,Privata PJ,45.23338056,25.25737222,850,980,Arges,Romfor Sustainable Forestry SRL / AOS Carpathia,I Arges,211A,1342,10.31,,
585,Valea lui Coman,2016,studiu Forest Grup Proiect aviz 907/2016,Privata PJ,45.23226944,25.25310833,740,940,Arges,Romfor Sustainable Forestry SRL / AOS Carpathia,I Arges,212A,1342,4.14,,
