Nr. crt.,Numele padurii virgine si/sau cvasivirgine,"Fundamentat in baza Amenaj silvic, editia","Fundamentat in baza Studiu de fundam, editia",Tipul de proprietate,Latitude,Longitude,Altitudine min,Altitudine max,Localizare administrativa Judet,Detinator Admin OS/OSP,UP,u.a.,TP,S (ha),din care: suprafete care nu corespund criteriului de naturalitate u.a.,din care: suprafete care nu corespund criteriului de naturalitate S (ha),geometry,tree_cover,loss_year
53,Olteana,2011,,publica stat,45.32405556,22.53846111,1210.0,1425.0,Caras Severin,O.S. Oțelu Rosu,VII,67A,1321.0,20.6,,,POINT (22.53846111 45.32405556),96,0
54,Olteana,2011,,publica stat,45.32338333,22.54116111,1415.0,1525.0,Caras Severin,O.S. Oțelu Rosu,VII,67B,1141.0,5.95,,,POINT (22.54116111 45.32338333),89,0
55,Olteana,2011,,publica stat,45.32413889,22.54094444,1400.0,1485.0,Caras Severin,O.S. Oțelu Rosu,VII,67C,4114.0,4.5,,,POINT (22.54094444 45.32413889),0,0
56,Olteana,2011,,publica stat,45.32261667,22.54233889,1360.0,1525.0,Caras Severin,O.S. Oțelu Rosu,VII,69B,1141.0,15.2,,,POINT (22.54233889 45.32261667),83,0
57,Olteana,2011,,publica stat,45.32046944,22.54378056,1495.0,1590.0,Caras Severin,O.S. Oțelu Rosu,VII,69D,1141.0,12.7,,,POINT (22.54378056 45.32046944),39,0
58,Olteana,2011,,publica stat,45.32458889,22.53536667,1255.0,1535.0,Caras Severin,O.S. Oțelu Rosu,VII,70A,4114.0,16.7,,,POINT (22.53536667 45.32458889),96,0
59,Olteana,2011,,publica stat,45.32173889,22.53641111,1360.0,1515.0,Caras Severin,O.S. Oțelu Rosu,VII,70B,1141.0,5.99,,,POINT (22.53641111 45.32173889),85,0
60,Olteana,2011,,publica stat,45.32116667,22.53611389,1470.0,1555.0,Caras Severin,O.S. Oțelu Rosu,VII,70C,1141.0,2.87,,,POINT (22.53611389 45.32116667),64,0
61,Olteana,2011,,publica stat,45.32686389,22.52678056,1300.0,1465.0,Caras Severin,O.S. Oțelu Rosu,VII,72C,4114.0,3.67,,,POINT (22.52678056 45.32686389),85,0
62,Olteana,2011,,publica stat,45.32585,22.52303889,1325.0,1455.0,Caras Severin,O.S. Oțelu Rosu,VII,76D,4114.0,6.02,,,POINT (22.52303889 45.32585),87,0
63,Olteana,2011,,publica stat,45.32291389,22.512875,1330.0,1435.0,Caras Severin,O.S. Oțelu Rosu,VII,81B,4114.0,6.47,,,POINT (22.512875 45.32291389),89,0
64,Olteana,2011,,publica stat,45.31747778,22.512425,1090.0,1300.0,Caras Severin,O.S. Oțelu Rosu,VII,84A,4114.0,8.18,,,POINT (22.512425 45.31747778),87,0
65,Olteana,2011,,publica stat,45.31759167,22.51543056,1275.0,1440.0,Caras Severin,O.S. Oțelu Rosu,VII,84B,4114.0,13.1,,,POINT (22.51543056 45.31759167),90,0
66,Olteana,2011,,publica stat,45.31613056,22.51090278,1090.0,1370.0,Caras Severin,O.S. Oțelu Rosu,VII,87A,4114.0,14.1,,,POINT (22.51090278 45.31613056),90,0
67,Olteana,2011,,publica stat,45.31473056,22.51453333,1275.0,1470.0,Caras Severin,O.S. Oțelu Rosu,VII,87B,4114.0,13.8,,,POINT (22.51453333 45.31473056),90,0
68,Olteana,2011,,publica stat,45.31325,22.50654167,1345.0,1460.0,Caras Severin,O.S. Oțelu Rosu,VII,88B,4114.0,11.7,,,POINT (22.50654167 45.31325),85,0
69,Olteana,2011,,publica stat,45.30692778,22.50775,1165.0,1370.0,Caras Severin,O.S. Oțelu Rosu,VII,90A,4114.0,23.3,,,POINT (22.50775 45.30692778),89,0
70,Olteana,2011,,publica stat,45.30858889,22.51234444,1245.0,1425.0,Caras Severin,O.S. Oțelu Rosu,VII,90B,4114.0,13.8,,,POINT (22.51234444 45.30858889),90,0
71,Olteana,2011,,publica stat,45.30903889,22.49831389,1185.0,1365.0,Caras Severin,O.S. Oțelu Rosu,VII,93A,4114.0,14.6,,,POINT (22.49831389 45.30903889),87,0
72,Olteana,2011,,publica stat,45.30598611,22.50619167,1245.0,1490.0,Caras Severin,O.S. Oțelu Rosu,VII,93B,4114.0,30.6,,,POINT (22.50619167 45.30598611),90,0
73,Olteana,2011,,publica stat,45.309725,22.49556389,1185.0,1365.0,Caras Severin,O.S. Oțelu Rosu,VII,94A,4114.0,12.0,,,POINT (22.49556389 45.309725),89,0
74,Olteana,2011,,publica stat,45.30575,22.500275,1300.0,1425.0,Caras Severin,O.S. Oțelu Rosu,VII,94B,4114.0,7.04,,,POINT (22.500275 45.30575),78,0
75,Olteana,2011,,publica stat,45.30606944,22.49622778,1180.0,1405.0,Caras Severin,O.S. Oțelu Rosu,VII,97A,4114.0,36.8,,,POINT (22.49622778 45.30606944),90,0
76,Olteana,2011,,publica stat,45.30308889,22.5007,1320.0,1490.0,Caras Severin,O.S. Oțelu Rosu,VII,97B,1141.0,14.0,,,POINT (22.5007 45.30308889),85,0
77,Gâsca,2012,,publica stat,44.31603611,23.82188333,975.0,1095.0,Caras Severin,OS Baile Herculane,V,162C,4111.0,2.06,,,POINT (23.82188333 44.31603611),0,0
78,Gâsca,2012,,publica stat,44.31623611,23.82300833,975.0,1100.0,Caras Severin,OS Baile Herculane,V,163B,4111.0,3.19,,,POINT (23.82300833 44.31623611),0,0
143,Valea Buţii,2009,,privata PJ,45.30483333,22.94621667,1000.0,1300.0,Hunedoara,As. Comp. Câmpul lui Neag/ RPL OS Valea Orastiei RA,I Campul lui Neag,7A,1341.0,34.7,,,POINT (22.94621667 45.30483333),90,0
144,Valea Buţii,2009,,privata PJ,45.31491111,22.90995556,1400.0,1750.0,Hunedoara,As. Comp. Câmpul lui Neag/ RPL OS Valea Orastiei RA,I Campul lui Neag,11A,1151.0,37.3,,,POINT (22.90995556 45.31491111),85,0
145,Valea Buţii,2009,,privata PJ,45.325025,22.91724167,1400.0,1750.0,Hunedoara,As. Comp. Câmpul lui Neag/ RPL OS Valea Orastiei RA,I Campul lui Neag,13A,1151.0,20.9,,,POINT (22.91724167 45.325025),95,0
146,Valea Buţii,2009,,privata PJ,45.32068889,22.91996111,1350.0,1850.0,Hunedoara,As. Comp. Câmpul lui Neag/ RPL OS Valea Orastiei RA,I Campul lui Neag,14A,1151.0,33.5,,,POINT (22.91996111 45.32068889),95,0
147,Valea Buţii,2009,,privata PJ,45.31609167,22.91790833,1200.0,1500.0,Hunedoara,As. Comp. Câmpul lui Neag/ RPL OS Valea Orastiei RA,I Campul lui Neag,15B,1151.0,19.0,,,POINT (22.91790833 45.31609167),96,0
148,Valea Buţii,2009,,privata PJ,45.31183056,22.93698333,1300.0,1750.0,Hunedoara,As. Comp. Câmpul lui Neag/ RPL OS Valea Orastiei RA,I Campul lui Neag,18D,1114.0,41.2,,,POINT (22.93698333 45.31183056),96,0
51,Og. Ursului,2014,,publica stat,45.25579722,22.58057778,1000.0,1250.0,Caras Severin,OS Teregova,III,76A,4141.0,15.1,,,POINT (22.58057778 45.25579722),76,0
52,Og. Ursului,2014,,publica stat,45.25732222,22.57859722,1300.0,1350.0,Caras Severin,OS Teregova,III,76B,4161.0,7.04,,,POINT (22.57859722 45.25732222),74,0
53,Og. Ursului,2014,,publica stat,45.25871389,22.58389167,1150.0,1350.0,Caras Severin,OS Teregova,III,77A,4161.0,8.98,,,POINT (22.58389167 45.25871389),100,0
54,Og. Ursului,2014,,publica stat,45.26216667,22.58561944,1100.0,1350.0,Caras Severin,OS Teregova,III,78A,4161.0,11.17,,,POINT (22.58561944 45.26216667),99,0
55,Og. Ursului,2014,,publica stat,45.26405278,22.5822,1250.0,1350.0,Caras Severin,OS Teregova,III,78B,1141.0,4.03,,,POINT (22.5822 45.26405278),89,0
56,Og. Ursului,2014,,publica stat,45.26536667,22.58504722,1150.0,1250.0,Caras Severin,OS Teregova,III,78C,4161.0,4.42,,,POINT (22.58504722 45.26536667),74,0
57,Og. Ursului,2014,,publica stat,45.26732778,22.58470556,1150.0,1250.0,Caras Severin,OS Teregova,III,79A,4161.0,15.89,,,POINT (22.58470556 45.26732778),82,0
58,Og. Ursului,2014,,publica stat,45.26699167,22.58145556,1250.0,1350.0,Caras Severin,OS Teregova,III,79B,1141.0,4.46,,,POINT (22.58145556 45.26699167),97,0
59,Og. Ursului,2014,,publica stat,45.270325,22.58305833,1150.0,1350.0,Caras Severin,OS Teregova,III,80A,1153.0,26.39,,,POINT (22.58305833 45.270325),76,0
60,Og. Ursului,2014,,publica stat,45.27385833,22.58227778,1200.0,1400.0,Caras Severin,OS Teregova,III,81A,1153.0,14.33,,,POINT (22.58227778 45.27385833),85,0
61,Manioasa,2014,,publica stat,45.25168611,22.58223611,1050.0,1350.0,Caras Severin,OS Teregova,IV,85A,4161.0,14.54,,,POINT (22.58223611 45.25168611),85,0
62,Manioasa,2014,,publica stat,45.25038333,22.58485278,1300.0,1400.0,Caras Severin,OS Teregova,IV,85B,1153.0,6.22,,,POINT (22.58485278 45.25038333),95,0
63,Manioasa,2014,,publica stat,45.25285,22.58397222,1050.0,1350.0,Caras Severin,OS Teregova,IV,86A,4161.0,17.64,,,POINT (22.58397222 45.25285),85,0
64,Manioasa,2014,,publica stat,45.25124722,22.58629722,1300.0,1400.0,Caras Severin,OS Teregova,IV,86B,1153.0,2.14,,,POINT (22.58629722 45.25124722),89,0
65,Manioasa,2014,,publica stat,45.25353889,22.58608889,1100.0,1300.0,Caras Severin,OS Teregova,IV,87A,4161.0,6.21,,,POINT (22.58608889 45.25353889),94,0
66,Manioasa,2014,,publica stat,45.25508333,22.58655833,1100.0,1300.0,Caras Severin,OS Teregova,IV,87B,4161.0,4.33,,,POINT (22.58655833 45.25508333),90,0
67,Manioasa,2014,,publica stat,45.25745,22.58854167,1100.0,1200.0,Caras Severin,OS Teregova,IV,87C,4161.0,9.66,,,POINT (22.58854167 45.25745),90,0
68,Manioasa,2014,,publica stat,45.25872778,22.59178611,1100.0,1350.0,Caras Severin,OS Teregova,IV,87D,4161.0,8.87,,,POINT (22.59178611 45.25872778),85,0
69,Manioasa,2014,,publica stat,45.25613611,22.59016944,1400.0,1450.0,Caras Severin,OS Teregova,IV,87E,4161.0,12.61,,,POINT (22.59016944 45.25613611),90,0
70,Manioasa,2014,,publica stat,45.26421944,22.5903,1150.0,1350.0,Caras Severin,OS Teregova,IV,88A,4161.0,27.82,,,POINT (22.5903 45.26421944),89,0
71,Manioasa,2014,,publica stat,45.26459167,22.59274444,1300.0,1400.0,Caras Severin,OS Teregova,IV,88B,4161.0,6.72,,,POINT (22.59274444 45.26459167),91,0
72,Manioasa,2014,,publica stat,45.26773333,22.59178889,1200.0,1300.0,Caras Severin,OS Teregova,IV,89A,4161.0,13.52,,,POINT (22.59178889 45.26773333),89,0
73,Manioasa,2014,,publica stat,45.26546667,22.59185,1200.0,1300.0,Caras Severin,OS Teregova,IV,89B,4161.0,2.69,,,POINT (22.59185 45.26546667),65,0
74,Manioasa,2014,,publica stat,45.27023333,22.59230278,1250.0,1350.0,Caras Severin,OS Teregova,IV,90,4161.0,6.68,,,POINT (22.59230278 45.27023333),85,0
75,Manioasa,2014,,publica stat,45.27093056,22.59144444,1250.0,1350.0,Caras Severin,OS Teregova,IV,91,4161.0,9.05,,,POINT (22.59144444 45.27093056),81,0
76,Izv.Mehadicii,2013,,publica stat,43.95633611,23.85235556,1070.0,1260.0,Caras Severin,O.S. Mehadia,III,143A,4111.0,28.78,,,POINT (23.85235556 43.95633611),0,0
77,Izv.Mehadicii,2013,,publica stat,43.95725833,23.84761667,1135.0,1135.0,Caras Severin,O.S. Mehadia,III,143B,4111.0,0.62,,,POINT (23.84761667 43.95725833),0,0
78,Izv.Mehadicii,2013,,publica stat,43.96025278,23.84729444,1105.0,1110.0,Caras Severin,O.S. Mehadia,III,144A,4111.0,2.91,,,POINT (23.84729444 43.96025278),0,0
79,Izv.Mehadicii,2013,,publica stat,43.95886111,23.85510556,1085.0,1255.0,Caras Severin,O.S. Mehadia,III,144B,4111.0,35.57,,,POINT (23.85510556 43.95886111),0,0
80,Izv.Mehadicii,2013,,publica stat,43.96079167,23.8533,1120.0,1120.0,Caras Severin,O.S. Mehadia,III,144V,,0.41,,,POINT (23.8533 43.96079167),0,0
81,Izv.Mehadicii,2013,,publica stat,43.95933889,23.85873333,1135.0,1215.0,Caras Severin,O.S. Mehadia,III,145A,4111.0,8.77,,,POINT (23.85873333 43.95933889),0,0
82,Izv.Mehadicii,2013,,publica stat,43.96095556,23.85899167,1130.0,1130.0,Caras Severin,O.S. Mehadia,III,145V,,0.55,,,POINT (23.85899167 43.96095556),0,0
83,Izv.Mehadicii,2013,,publica stat,43.95462778,23.85956389,1145.0,1260.0,Caras Severin,O.S. Mehadia,III,146A,4111.0,30.2,,,POINT (23.85956389 43.95462778),0,0
84,Izv.Mehadicii,2013,,publica stat,43.95217222,23.86247778,1205.0,1205.0,Caras Severin,O.S. Mehadia,III,146V,,0.15,,,POINT (23.86247778 43.95217222),0,0
85,Izv.Mehadicii,2013,,publica stat,43.95350833,23.86813333,1145.0,1285.0,Caras Severin,O.S. Mehadia,III,147A,4111.0,33.33,,,POINT (23.86813333 43.95350833),0,0
86,Izv.Mehadicii,2013,,publica stat,43.95426667,23.86485278,1215.0,1215.0,Caras Severin,O.S. Mehadia,III,147V,,0.36,,,POINT (23.86485278 43.95426667),0,0
87,Helisag,2015,,publica stat,44.98697778,22.08071389,400.0,720.0,Caras Severin,O.S. Nera,I,1,4241.0,38.35,,,POINT (22.08071389 44.98697778),95,0
88,Helisag,2015,,publica stat,44.98949722,22.07765833,410.0,740.0,Caras Severin,O.S. Nera,I,2,4241.0,49.35,,,POINT (22.07765833 44.98949722),85,0
89,Boii Mici,2015,,publica stat,45.06024444,22.02795833,760.0,1080.0,Caras Severin,O.S. Nera,I,121,4111.0,41.17,,,POINT (22.02795833 45.06024444),95,0
90,Boii Mici,2015,,publica stat,45.06047778,22.03157778,800.0,980.0,Caras Severin,O.S. Nera,I,122,4111.0,18.86,,,POINT (22.03157778 45.06047778),100,0
91,Boii Mici,2015,,publica stat,45.06017222,22.03905833,760.0,970.0,Caras Severin,O.S. Nera,I,123,4111.0,43.4,,,POINT (22.03905833 45.06017222),95,0
92,Boii Mari,2015,,publica stat,45.06139722,22.04238333,700.0,900.0,Caras Severin,O.S. Nera,I,124,4111.0,13.73,,,POINT (22.04238333 45.06139722),95,0
93,Cosava Mica,2015,,publica stat,45.06458611,22.04262222,700.0,970.0,Caras Severin,O.S. Nera,I,125,4111.0,53.2,,,POINT (22.04262222 45.06458611),99,0
94,Cosava Mica,2015,,publica stat,45.06555833,22.04078333,740.0,970.0,Caras Severin,O.S. Nera,I,126,4111.0,25.81,,,POINT (22.04078333 45.06555833),91,0
95,Cosava Mica,2015,,publica stat,45.06641944,22.03775833,780.0,1010.0,Caras Severin,O.S. Nera,I,127,4111.0,32.85,,,POINT (22.03775833 45.06641944),82,0
96,Cosava Mica,2015,,publica stat,45.06706944,22.03566389,780.0,1010.0,Caras Severin,O.S. Nera,I,128,4111.0,46.56,,,POINT (22.03566389 45.06706944),87,0
97,Cosava Mica,2015,,publica stat,45.06893889,22.02195278,830.0,1020.0,Caras Severin,O.S. Nera,I,129,4111.0,28.4,,,POINT (22.02195278 45.06893889),100,0
98,Cosava Mica,2015,,publica stat,45.07523611,22.0208,790.0,1020.0,Caras Severin,O.S. Nera,I,130,4111.0,43.39,,,POINT (22.0208 45.07523611),98,0
99,Cosava Mica,2015,,publica stat,45.07796944,22.02256944,790.0,1010.0,Caras Severin,O.S. Nera,I,131,4111.0,29.63,,,POINT (22.02256944 45.07796944),100,0
100,Cosava Mica,2015,,publica stat,45.08014722,22.01819722,830.0,1110.0,Caras Severin,O.S. Nera,I,132,4111.0,55.93,,,POINT (22.01819722 45.08014722),100,0
101,Cosava Mica,2015,,publica stat,45.08175278,22.016,880.0,1110.0,Caras Severin,O.S. Nera,I,133,4111.0,23.69,,,POINT (22.016 45.08175278),89,0
102,Cosava Mica,2015,,publica stat,45.08895833,22.00244444,960.0,1190.0,Caras Severin,O.S. Nera,I,134,4111.0,38.25,,,POINT (22.00244444 45.08895833),100,0
103,Cosava Mica,2015,,publica stat,45.09510278,22.00641111,890.0,1200.0,Caras Severin,O.S. Nera,I,135,4111.0,36.57,,,POINT (22.00641111 45.09510278),100,0
104,Cosava Mica,2015,,publica stat,45.09618056,22.00672778,900.0,1200.0,Caras Severin,O.S. Nera,I,136,4111.0,20.66,,,POINT (22.00672778 45.09618056),100,0
105,Cosava Mica,2015,,publica stat,45.09663056,22.00861944,900.0,1210.0,Caras Severin,O.S. Nera,I,137,4111.0,58.83,,,POINT (22.00861944 45.09663056),100,0
106,Cosava Mica,2015,,publica stat,45.08707778,22.01835556,830.0,1090.0,Caras Severin,O.S. Nera,I,138,4111.0,24.07,,,POINT (22.01835556 45.08707778),100,0
107,Cosava Mica,2015,,publica stat,45.08009722,22.02627222,780.0,980.0,Caras Severin,O.S. Nera,I,139,4111.0,28.55,,,POINT (22.02627222 45.08009722),94,0
108,Cosava Mica,2015,,publica stat,45.07424444,22.03294722,780.0,950.0,Caras Severin,O.S. Nera,I,140,4111.0,33.06,,,POINT (22.03294722 45.07424444),89,0
109,Cosava Mare,2015,,publica stat,45.11265,22.02241667,1150.0,1150.0,Caras Severin,O.S. Nera,II ,19,4111.0,0.97,,,POINT (22.02241667 45.11265),100,0
110,Cosava Mare,2015,,publica stat,45.11324167,22.02290278,1150.0,1200.0,Caras Severin,O.S. Nera,II ,20,4111.0,1.77,,,POINT (22.02290278 45.11324167),89,0
111,Cosava Mare,2015,,publica stat,45.11236944,22.02209167,1100.0,1250.0,Caras Severin,O.S. Nera,II ,24A,4111.0,11.8,,,POINT (22.02209167 45.11236944),100,0
112,Cosava Mare,2015,,publica stat,45.11353333,22.02311389,1100.0,1100.0,Caras Severin,O.S. Nera,II ,24B,4111.0,0.75,,,POINT (22.02311389 45.11353333),91,0
113,Cosava Mare,2015,,publica stat,45.1137,22.01496111,1100.0,1300.0,Caras Severin,O.S. Nera,II ,25A,4111.0,44.8,,,POINT (22.01496111 45.1137),95,0
114,Cosava Mare,2015,,publica stat,45.11458889,22.01894722,1100.0,1100.0,Caras Severin,O.S. Nera,II ,25B,4111.0,0.68,,,POINT (22.01894722 45.11458889),82,0
115,Cosava Mare,2015,,publica stat,45.11676944,22.01266389,1300.0,1300.0,Caras Severin,O.S. Nera,II ,25C,4114.0,2.27,,,POINT (22.01266389 45.11676944),100,0
116,Cosava Mare,2015,,publica stat,45.11798056,22.019225,1100.0,1300.0,Caras Severin,O.S. Nera,II ,28A,4111.0,28.67,,,POINT (22.019225 45.11798056),100,0
117,Cosava Mare,2015,,publica stat,45.12043889,22.01466944,1350.0,1350.0,Caras Severin,O.S. Nera,II ,28B,4114.0,1.54,,,POINT (22.01466944 45.12043889),88,0
118,Cosava Mare,2015,,publica stat,45.12106667,22.02288889,1100.0,1300.0,Caras Severin,O.S. Nera,II ,29A,4111.0,50.29,,,POINT (22.02288889 45.12106667),87,0
119,Cosava Mare,2015,,publica stat,45.12421389,22.0158,1300.0,1300.0,Caras Severin,O.S. Nera,II ,29B,4114.0,1.47,,,POINT (22.0158 45.12421389),95,0
120,Cosava Mare,2015,,publica stat,45.11713611,22.02899722,980.0,1150.0,Caras Severin,O.S. Nera,II ,31,4111.0,6.91,,,POINT (22.02899722 45.11713611),100,0
121,Cosava Mare,2015,,publica stat,45.11778056,22.03033056,1100.0,1250.0,Caras Severin,O.S. Nera,II ,32,4111.0,12.18,,,POINT (22.03033056 45.11778056),100,0
122,Cosava Mare,2015,,publica stat,45.11794444,22.03290556,1150.0,1200.0,Caras Severin,O.S. Nera,II ,33,4111.0,3.89,,,POINT (22.03290556 45.11794444),95,0
123,Cosava Mare,2015,,publica stat,45.06343889,22.055625,630.0,900.0,Caras Severin,O.S. Nera,II ,52A,4114.0,22.98,,,POINT (22.055625 45.06343889),95,0
124,Cosava Mare,2015,,publica stat,45.06726111,22.05374722,720.0,890.0,Caras Severin,O.S. Nera,II ,52B,4114.0,4.03,,,POINT (22.05374722 45.06726111),94,0
125,Cosava Mare,2015,,publica stat,45.05591944,22.06026667,740.0,740.0,Caras Severin,O.S. Nera,II ,52E,4114.0,1.07,,,POINT (22.06026667 45.05591944),0,0
126,Cosava Mare,2015,,publica stat,45.06914167,22.05566111,670.0,900.0,Caras Severin,O.S. Nera,II ,53,4111.0,16.5,,,POINT (22.05566111 45.06914167),90,0
127,Cosava Mare,2015,,publica stat,45.07381667,22.05538611,670.0,920.0,Caras Severin,O.S. Nera,II ,54A,4111.0,19.7,,,POINT (22.05538611 45.07381667),91,0
128,Cosava Mare,2015,,publica stat,45.06914722,22.05436111,890.0,890.0,Caras Severin,O.S. Nera,II ,54B,4111.0,1.54,,,POINT (22.05436111 45.06914722),89,0
129,Cosava Mare,2015,,publica stat,45.07020556,22.05373056,950.0,950.0,Caras Severin,O.S. Nera,II ,54C,4111.0,3.67,,,POINT (22.05373056 45.07020556),98,0
130,Cosava Mare,2015,,publica stat,45.07200833,22.05350278,690.0,1000.0,Caras Severin,O.S. Nera,II ,55,4111.0,25.26,,,POINT (22.05350278 45.07200833),100,0
131,Cosava Mare,2015,,publica stat,45.07503333,22.05459167,680.0,1000.0,Caras Severin,O.S. Nera,II ,56A,4111.0,26.1,,,POINT (22.05459167 45.07503333),89,0
132,Cosava Mare,2015,,publica stat,45.07557778,22.05239444,970.0,1030.0,Caras Severin,O.S. Nera,II ,56B,4111.0,4.7,,,POINT (22.05239444 45.07557778),85,0
133,Cosava Mare,2015,,publica stat,45.07581944,22.05541389,690.0,1000.0,Caras Severin,O.S. Nera,II ,57,4111.0,26.78,,,POINT (22.05541389 45.07581944),95,0
134,Cosava Mare,2015,,publica stat,45.08113056,22.06014444,700.0,1050.0,Caras Severin,O.S. Nera,II ,58A,4111.0,55.76,,,POINT (22.06014444 45.08113056),76,0
135,Cosava Mare,2015,,publica stat,45.08574167,22.04926389,1050.0,1050.0,Caras Severin,O.S. Nera,II ,58B,4111.0,7.52,,,POINT (22.04926389 45.08574167),96,0
136,Cosava Mare,2015,,publica stat,45.08738611,22.05876389,770.0,1050.0,Caras Severin,O.S. Nera,II ,59A,4111.0,31.04,,,POINT (22.05876389 45.08738611),100,0
137,Cosava Mare,2015,,publica stat,45.0899,22.04749167,1050.0,1050.0,Caras Severin,O.S. Nera,II ,59B,4111.0,0.95,,,POINT (22.04749167 45.0899),83,0
138,Cosava Mare,2015,,publica stat,45.08979722,22.06000278,770.0,1000.0,Caras Severin,O.S. Nera,II ,60,4111.0,34.1,,,POINT (22.06000278 45.08979722),100,0
139,Cosava Mare,2015,,publica stat,45.09367222,22.058675,780.0,1000.0,Caras Severin,O.S. Nera,II ,61,4111.0,36.16,,,POINT (22.058675 45.09367222),94,0
140,Cosava Mare,2015,,publica stat,45.09633056,22.05936944,780.0,1000.0,Caras Severin,O.S. Nera,II ,62A,4111.0,36.02,,,POINT (22.05936944 45.09633056),100,0
141,Cosava Mare,2015,,publica stat,45.09631944,22.05042778,1050.0,1050.0,Caras Severin,O.S. Nera,II ,62B,4111.0,0.59,,,POINT (22.05042778 45.09631944),100,0
142,Cosava Mare,2015,,publica stat,45.09656944,22.06122778,780.0,1050.0,Caras Severin,O.S. Nera,II ,63,4111.0,38.12,,,POINT (22.06122778 45.09656944),100,0
143,Cosava Mare,2015,,publica stat,45.10447222,22.05426111,800.0,1250.0,Caras Severin,O.S. Nera,II ,64,4111.0,49.22,,,POINT (22.05426111 45.10447222),98,0
144,Cosava Mare,2015,,publica stat,45.1051,22.05351111,900.0,1150.0,Caras Severin,O.S. Nera,II ,65A,4111.0,43.12,,,POINT (22.05351111 45.1051),98,0
145,Cosava Mare,2015,,publica stat,45.106675,22.04332222,1100.0,1100.0,Caras Severin,O.S. Nera,II ,65B,4111.0,3.31,,,POINT (22.04332222 45.106675),97,0
146,Cosava Mare,2015,,publica stat,45.05215278,22.05215278,900.0,1150.0,Caras Severin,O.S. Nera,II ,66,4111.0,34.47,,,POINT (22.05215278 45.05215278),90,0
147,Cosava Mare,2015,,publica stat,45.10845,22.05024444,900.0,1150.0,Caras Severin,O.S. Nera,II ,67A,4111.0,29.28,,,POINT (22.05024444 45.10845),100,0
148,Cosava Mare,2015,,publica stat,45.107825,22.04439444,1150.0,1150.0,Caras Severin,O.S. Nera,II ,67B,4111.0,3.38,,,POINT (22.04439444 45.107825),90,0
149,Cosava Mare,2015,,publica stat,45.11066111,22.05315833,830.0,1150.0,Caras Severin,O.S. Nera,II ,68A,4111.0,28.87,,,POINT (22.05315833 45.11066111),95,0
150,Cosava Mare,2015,,publica stat,45.11111389,22.04319167,1150.0,1150.0,Caras Severin,O.S. Nera,II ,68B,4111.0,1.91,,,POINT (22.04319167 45.11111389),100,0
151,Cosava Mare,2015,,publica stat,45.11510833,22.05518611,830.0,1200.0,Caras Severin,O.S. Nera,II ,69,4111.0,25.94,,,POINT (22.05518611 45.11510833),82,0
152,Cosava Mare,2015,,publica stat,45.116725,22.04699444,870.0,1250.0,Caras Severin,O.S. Nera,II ,70A,4111.0,52.95,,,POINT (22.04699444 45.116725),94,0
153,Cosava Mare,2015,,publica stat,45.11475556,22.04205556,1200.0,1200.0,Caras Severin,O.S. Nera,II ,70B,4111.0,0.61,,,POINT (22.04205556 45.11475556),89,0
154,Cosava Mare,2015,,publica stat,45.11886944,22.03855,990.0,1250.0,Caras Severin,O.S. Nera,II ,71,4111.0,28.08,,,POINT (22.03855 45.11886944),100,0
155,Cosava Mare,2015,,publica stat,45.12209722,22.03798333,1100.0,1100.0,Caras Severin,O.S. Nera,II ,72,4111.0,0.4,,,POINT (22.03798333 45.12209722),89,0
156,Cosava Mare,2015,,publica stat,45.12063889,22.03624444,1200.0,1200.0,Caras Severin,O.S. Nera,II ,73,4111.0,2.27,,,POINT (22.03624444 45.12063889),100,0
157,Cosava Mare,2015,,publica stat,45.12198333,22.03775,1150.0,1150.0,Caras Severin,O.S. Nera,II ,74,4111.0,2.84,,,POINT (22.03775 45.12198333),82,0
158,Cosava Mare,2015,,publica stat,45.12347778,22.0361,1100.0,1300.0,Caras Severin,O.S. Nera,II ,75A,4111.0,45.47,,,POINT (22.0361 45.12347778),90,0
159,Cosava Mare,2015,,publica stat,45.12323611,22.03753611,1150.0,1200.0,Caras Severin,O.S. Nera,II ,76,4111.0,0.36,,,POINT (22.03753611 45.12323611),90,0
160,Cosava Mare,2015,,publica stat,45.12586944,22.02937778,1100.0,1334.0,Caras Severin,O.S. Nera,II ,77A,4111.0,58.1,,,POINT (22.02937778 45.12586944),100,0
161,Cosava Mare,2015,,publica stat,45.13362222,22.02514722,1200.0,1250.0,Caras Severin,O.S. Nera,II ,78A,4111.0,20.2,,,POINT (22.02514722 45.13362222),100,0
162,Cosava Mare,2015,,publica stat,45.135925,22.02284722,1260.0,1260.0,Caras Severin,O.S. Nera,II ,78B,4111.0,1.44,,,POINT (22.02284722 45.135925),100,0
163,Cosava Mare,2015,,publica stat,45.13275,22.0272,1100.0,1200.0,Caras Severin,O.S. Nera,II ,79A,4111.0,21.34,,,POINT (22.0272 45.13275),90,0
164,Cosava Mare,2015,,publica stat,45.13659722,22.02425556,1260.0,1260.0,Caras Severin,O.S. Nera,II ,79B,4111.0,1.45,,,POINT (22.02425556 45.13659722),95,0
165,Cosava Mare,2015,,publica stat,45.1324,22.03251111,1200.0,1290.0,Caras Severin,O.S. Nera,II ,80A,4111.0,31.98,,,POINT (22.03251111 45.1324),98,0
166,Cosava Mare,2015,,publica stat,45.13742778,22.02787778,1250.0,1250.0,Caras Severin,O.S. Nera,II ,80B,4111.0,1.22,,,POINT (22.02787778 45.13742778),82,0
167,Cosava Mare,2015,,publica stat,45.14082222,22.02900556,1290.0,1290.0,Caras Severin,O.S. Nera,II ,80C,4114.0,0.4,,,POINT (22.02900556 45.14082222),85,0
168,Cosava Mare,2015,,publica stat,45.13731111,22.033025,1250.0,1280.0,Caras Severin,O.S. Nera,II ,80D,4114.0,3.39,,,POINT (22.033025 45.13731111),90,0
169,Cosava Mare,2015,,publica stat,45.13130833,22.03401389,1200.0,1200.0,Caras Severin,O.S. Nera,II ,80E,4114.0,0.82,,,POINT (22.03401389 45.13130833),100,0
170,Cosava Mare,2015,,publica stat,45.12677222,22.03455556,1050.0,1250.0,Caras Severin,O.S. Nera,II ,81A,4111.0,39.34,,,POINT (22.03455556 45.12677222),79,0
171,Cosava Mare,2015,,publica stat,45.125325,22.03629444,1050.0,1100.0,Caras Severin,O.S. Nera,II ,82,4111.0,3.3,,,POINT (22.03629444 45.125325),100,0
172,Cosava Mare,2015,,publica stat,45.12482778,22.03812222,940.0,1100.0,Caras Severin,O.S. Nera,II ,83,4111.0,12.08,,,POINT (22.03812222 45.12482778),87,0
173,Cosava Mare,2015,,publica stat,45.12596111,22.03780556,1000.0,1100.0,Caras Severin,O.S. Nera,II ,84,4111.0,13.19,,,POINT (22.03780556 45.12596111),100,0
174,Cosava Mare,2015,,publica stat,45.12525278,22.03832222,1100.0,1150.0,Caras Severin,O.S. Nera,II ,85,4111.0,3.82,,,POINT (22.03832222 45.12525278),100,0
175,Cosava Mare,2015,,publica stat,45.12096667,22.05343056,870.0,1100.0,Caras Severin,O.S. Nera,II ,86,4111.0,17.32,,,POINT (22.05343056 45.12096667),83,0
176,Cosava Mare,2015,,publica stat,45.12155278,22.05407778,880.0,1100.0,Caras Severin,O.S. Nera,II ,87A,4111.0,44.53,,,POINT (22.05407778 45.12155278),100,0
177,Cosava Mare,2015,,publica stat,45.12693333,22.04706389,1100.0,1200.0,Caras Severin,O.S. Nera,II ,88A,4111.0,13.49,,,POINT (22.04706389 45.12693333),82,0
178,Cosava Mare,2015,,publica stat,45.12840556,22.05104444,1100.0,1200.0,Caras Severin,O.S. Nera,II ,89,4111.0,13.92,,,POINT (22.05104444 45.12840556),94,0
179,Cosava Mare,2015,,publica stat,45.12846111,22.05243889,900.0,1110.0,Caras Severin,O.S. Nera,II ,90,4111.0,30.8,,,POINT (22.05243889 45.12846111),91,0
180,Cosava Mare,2015,,publica stat,45.12976944,22.04942778,1000.0,1100.0,Caras Severin,O.S. Nera,II ,91,4111.0,2.92,,,POINT (22.04942778 45.12976944),90,0
181,Cosava Mare,2015,,publica stat,45.12879722,22.04715,1000.0,1150.0,Caras Severin,O.S. Nera,II ,92,4111.0,21.24,,,POINT (22.04715 45.12879722),100,0
182,Cosava Mare,2015,,publica stat,45.13087222,22.04515833,1100.0,1250.0,Caras Severin,O.S. Nera,II ,93,4111.0,20.55,,,POINT (22.04515833 45.13087222),98,0
183,Cosava Mare,2015,,publica stat,45.13313889,22.0482,1050.0,1100.0,Caras Severin,O.S. Nera,II ,94,4111.0,2.25,,,POINT (22.0482 45.13313889),100,0
184,Cosava Mare,2015,,publica stat,45.13503611,22.04486944,1100.0,1300.0,Caras Severin,O.S. Nera,II ,95A,4111.0,12.79,,,POINT (22.04486944 45.13503611),100,0
185,Cosava Mare,2015,,publica stat,45.13359444,22.041425,1200.0,1200.0,Caras Severin,O.S. Nera,II ,95B,4114.0,0.52,,,POINT (22.041425 45.13359444),100,0
186,Cosava Mare,2015,,publica stat,45.1381,22.04701111,1100.0,1250.0,Caras Severin,O.S. Nera,II ,96A,4111.0,32.72,,,POINT (22.04701111 45.1381),82,0
187,Cosava Mare,2015,,publica stat,45.13556111,22.03973889,1300.0,1300.0,Caras Severin,O.S. Nera,II ,96B,4114.0,2.07,,,POINT (22.03973889 45.13556111),100,0
188,Cosava Mare,2015,,publica stat,45.14300278,22.04813889,1050.0,1050.0,Caras Severin,O.S. Nera,II ,97,4111.0,2.0,,,POINT (22.04813889 45.14300278),100,0
189,Cosava Mare,2015,,publica stat,45.14263889,22.04845,1150.0,1200.0,Caras Severin,O.S. Nera,II ,98,4111.0,6.14,,,POINT (22.04845 45.14263889),100,0
190,Cosava Mare,2015,,publica stat,45.14405556,22.04776111,1100.0,1250.0,Caras Severin,O.S. Nera,II ,99,4111.0,23.18,,,POINT (22.04776111 45.14405556),100,0
191,Cosava Mare,2015,,publica stat,45.14484167,22.04443333,1150.0,1290.0,Caras Severin,O.S. Nera,II ,100A,4111.0,42.04,,,POINT (22.04443333 45.14484167),83,0
192,Cosava Mare,2015,,publica stat,45.14042222,22.04708611,1250.0,1250.0,Caras Severin,O.S. Nera,II ,100B,4114.0,1.82,,,POINT (22.04708611 45.14042222),100,0
193,Cosava Mare,2015,,publica stat,45.14732222,22.04319722,1150.0,1350.0,Caras Severin,O.S. Nera,II ,101A,4111.0,36.19,,,POINT (22.04319722 45.14732222),100,0
194,Cosava Mare,2015,,publica stat,45.1463,22.03735556,1250.0,1350.0,Caras Severin,O.S. Nera,II ,101B,4114.0,2.92,,,POINT (22.03735556 45.1463),0,0
195,Cosava Mare,2015,,publica stat,45.147275,22.04338889,1150.0,1300.0,Caras Severin,O.S. Nera,II ,102A,4111.0,12.24,,,POINT (22.04338889 45.147275),89,0
196,Cosava Mare,2015,,publica stat,45.14773889,22.038825,1250.0,1350.0,Caras Severin,O.S. Nera,II ,102B,4151.0,3.19,,,POINT (22.038825 45.14773889),76,0
197,Cosava Mare,2015,,publica stat,45.14875278,22.04411111,1150.0,1300.0,Caras Severin,O.S. Nera,II ,103A,4111.0,23.41,,,POINT (22.04411111 45.14875278),100,0
198,Cosava Mare,2015,,publica stat,45.15033611,22.04181111,1150.0,1350.0,Caras Severin,O.S. Nera,II ,103B,4151.0,5.84,,,POINT (22.04181111 45.15033611),76,0
199,Cosava Mare,2015,,publica stat,45.15205278,22.04701667,1150.0,1350.0,Caras Severin,O.S. Nera,II ,104A,4114.0,23.83,,,POINT (22.04701667 45.15205278),90,0
200,Cosava Mare,2015,,publica stat,45.15263611,22.045,1350.0,1350.0,Caras Severin,O.S. Nera,II ,104B,4151.0,3.95,,,POINT (22.045 45.15263611),100,0
201,Cosava Mare,2015,,publica stat,45.15223333,22.04368611,1350.0,1350.0,Caras Severin,O.S. Nera,II ,104C,414.0,0.72,,,POINT (22.04368611 45.15223333),100,0
202,Cosava Mare,2015,,publica stat,45.15249444,22.04363889,1350.0,1350.0,Caras Severin,O.S. Nera,II ,104D,4151.0,0.71,,,POINT (22.04363889 45.15249444),100,0
203,Cosava Mare,2015,,publica stat,45.15425278,22.05067222,1300.0,1350.0,Caras Severin,O.S. Nera,II ,105A,4114.0,11.68,,,POINT (22.05067222 45.15425278),100,0
204,Cosava Mare,2015,,publica stat,45.15704444,22.05095,1300.0,1350.0,Caras Severin,O.S. Nera,II ,105B,4151.0,2.47,,,POINT (22.05095 45.15704444),92,0
205,Cosava Mare,2015,,publica stat,45.15648056,22.0552,1200.0,1350.0,Caras Severin,O.S. Nera,II ,106A,4114.0,16.77,,,POINT (22.0552 45.15648056),85,0
206,Cosava Mare,2015,,publica stat,45.16017778,22.05646389,1300.0,1350.0,Caras Severin,O.S. Nera,II ,106B,4151.0,4.79,,,POINT (22.05646389 45.16017778),54,0
207,Cosava Mare,2015,,publica stat,45.15865556,22.05671389,1300.0,1300.0,Caras Severin,O.S. Nera,II ,106C,4151.0,0.45,,,POINT (22.05671389 45.15865556),76,0
208,Cosava Mare,2015,,publica stat,45.15858333,22.06051111,1200.0,1350.0,Caras Severin,O.S. Nera,II ,107A,4114.0,21.11,,,POINT (22.06051111 45.15858333),99,0
209,Cosava Mare,2015,,publica stat,45.16314722,22.06076944,1250.0,1350.0,Caras Severin,O.S. Nera,II ,107B,4151.0,2.35,,,POINT (22.06076944 45.16314722),72,0
210,Cosava Mare,2015,,publica stat,45.16054444,22.06507222,1400.0,1400.0,Caras Severin,O.S. Nera,II ,107C,4151.0,1.32,,,POINT (22.06507222 45.16054444),95,0
211,Cosava Mare,2015,,publica stat,45.16348056,22.06645556,1400.0,1400.0,Caras Severin,O.S. Nera,II ,107D,4151.0,2.62,,,POINT (22.06645556 45.16348056),87,0
212,Cosava Mare,2015,,publica stat,45.15634444,22.06131944,1250.0,1400.0,Caras Severin,O.S. Nera,II ,108,4114.0,36.77,,,POINT (22.06131944 45.15634444),89,0
213,Cosava Mare,2015,,publica stat,45.15516111,22.05755833,1150.0,1350.0,Caras Severin,O.S. Nera,II ,109,4111.0,15.82,,,POINT (22.05755833 45.15516111),86,0
214,Cosava Mare,2015,,publica stat,45.15322778,22.05796944,1100.0,1350.0,Caras Severin,O.S. Nera,II ,110,4111.0,47.05,,,POINT (22.05796944 45.15322778),89,0
215,Cosava Mare,2015,,publica stat,45.15231389,22.05917222,1150.0,1350.0,Caras Severin,O.S. Nera,II ,111A,4111.0,38.66,,,POINT (22.05917222 45.15231389),94,0
216,Cosava Mare,2015,,publica stat,45.15327222,22.06389444,1250.0,1400.0,Caras Severin,O.S. Nera,II ,112A,4111.0,48.25,,,POINT (22.06389444 45.15327222),89,0
217,Cosava Mare,2015,,publica stat,45.14611667,22.06639722,1250.0,1400.0,Caras Severin,O.S. Nera,II ,113,4114.0,17.74,,,POINT (22.06639722 45.14611667),87,16
218,Cosava Mare,2015,,publica stat,45.14636389,22.06613333,1000.0,1350.0,Caras Severin,O.S. Nera,II ,114A,4114.0,26.82,,,POINT (22.06613333 45.14636389),86,16
219,Cosava Mare,2015,,publica stat,45.14298333,22.07127778,1350.0,1350.0,Caras Severin,O.S. Nera,II ,114B,4114.0,1.06,,,POINT (22.07127778 45.14298333),0,0
220,Cosava Mare,2015,,publica stat,45.14414167,22.06233333,1100.0,1350.0,Caras Severin,O.S. Nera,II ,115A,4111.0,52.69,,,POINT (22.06233333 45.14414167),98,0
221,Cosava Mare,2015,,publica stat,45.14357778,22.06662222,1300.0,1300.0,Caras Severin,O.S. Nera,II ,115B,4111.0,1.08,,,POINT (22.06662222 45.14357778),85,0
222,Cosava Mare,2015,,publica stat,45.14405556,22.066875,1300.0,1300.0,Caras Severin,O.S. Nera,II ,115C,4114.0,0.28,,,POINT (22.066875 45.14405556),94,0
223,Cosava Mare,2015,,publica stat,45.14319722,22.06726944,1350.0,1350.0,Caras Severin,O.S. Nera,II ,115D,4114.0,0.83,,,POINT (22.06726944 45.14319722),85,0
224,Cosava Mare,2015,,publica stat,45.14239167,22.06635,1350.0,1350.0,Caras Severin,O.S. Nera,II ,115E,4114.0,0.77,,,POINT (22.06635 45.14239167),89,0
225,Cosava Mare,2015,,publica stat,45.13915,22.06293333,1350.0,1350.0,Caras Severin,O.S. Nera,II ,115F,4114.0,0.31,,,POINT (22.06293333 45.13915),100,0
226,Cosava Mare,2015,,publica stat,45.14073056,22.06701667,1350.0,1350.0,Caras Severin,O.S. Nera,II ,115G,4114.0,0.5,,,POINT (22.06701667 45.14073056),100,0
227,Cosava Mare,2015,,publica stat,45.13941111,22.06701667,1300.0,1300.0,Caras Severin,O.S. Nera,II ,115H,4114.0,1.75,,,POINT (22.06701667 45.13941111),100,0
228,Cosava Mare,2015,,publica stat,45.141725,22.06799722,1350.0,1350.0,Caras Severin,O.S. Nera,II ,115I,4114.0,2.72,,,POINT (22.06799722 45.141725),87,0
229,Cosava Mare,2015,,publica stat,45.14116944,22.05751944,1000.0,1350.0,Caras Severin,O.S. Nera,II ,116A,4111.0,50.75,,,POINT (22.05751944 45.14116944),90,0
230,Cosava Mare,2015,,publica stat,45.13748333,22.06166667,1350.0,1350.0,Caras Severin,O.S. Nera,II ,116B,4114.0,0.31,,,POINT (22.06166667 45.13748333),86,0
231,Cosava Mare,2015,,publica stat,45.13943333,22.05444444,1000.0,1350.0,Caras Severin,O.S. Nera,II ,117,4111.0,20.14,,,POINT (22.05444444 45.13943333),83,0
232,Cosava Mare,2015,,publica stat,45.13889444,22.05555833,970.0,1300.0,Caras Severin,O.S. Nera,II ,118,4111.0,53.55,,,POINT (22.05555833 45.13889444),89,0
233,Cosava Mare,2015,,publica stat,45.13617778,22.05503889,970.0,1250.0,Caras Severin,O.S. Nera,II ,119,4111.0,28.6,,,POINT (22.05503889 45.13617778),89,0
234,Cosava Mare,2015,,publica stat,45.134925,22.05685833,960.0,1250.0,Caras Severin,O.S. Nera,II ,120,4111.0,35.29,,,POINT (22.05685833 45.134925),100,0
235,Cosava Mare,2015,,publica stat,45.136825,22.06276944,1250.0,1350.0,Caras Severin,O.S. Nera,II ,121A,4111.0,29.92,,,POINT (22.06276944 45.136825),90,0
236,Cosava Mare,2015,,publica stat,45.14017778,22.06765,1350.0,1350.0,Caras Severin,O.S. Nera,II ,121B,4114.0,1.73,,,POINT (22.06765 45.14017778),96,0
237,Cosava Mare,2015,,publica stat,45.13970556,22.06640556,1350.0,1350.0,Caras Severin,O.S. Nera,II ,121C,4114.0,0.69,,,POINT (22.06640556 45.13970556),87,0
238,Cosava Mare,2015,,publica stat,45.13476111,22.05879722,1250.0,1300.0,Caras Severin,O.S. Nera,II ,121D,4114.0,2.25,,,POINT (22.05879722 45.13476111),89,0
239,Cosava Mare,2015,,publica stat,45.13765833,22.06660556,1150.0,1350.0,Caras Severin,O.S. Nera,II ,122A,4111.0,11.02,,,POINT (22.06660556 45.13765833),90,0
240,Cosava Mare,2015,,publica stat,45.14603611,22.07265278,1350.0,1350.0,Caras Severin,O.S. Nera,II ,122B,4114.0,0.74,,,POINT (22.07265278 45.14603611),83,0
241,Cosava Mare,2015,,publica stat,45.14018333,22.06814722,1300.0,1350.0,Caras Severin,O.S. Nera,II ,122C,4114.0,4.25,,,POINT (22.06814722 45.14018333),90,0
242,Cosava Mare,2015,,publica stat,45.13709722,22.0685,1100.0,1350.0,Caras Severin,O.S. Nera,II ,123A,4111.0,31.23,,,POINT (22.0685 45.13709722),100,0
243,Cosava Mare,2015,,publica stat,45.14314444,22.06844167,1350.0,1350.0,Caras Severin,O.S. Nera,II ,123B,4114.0,0.56,,,POINT (22.06844167 45.14314444),81,0
244,Cosava Mare,2015,,publica stat,45.14337778,22.06940556,1350.0,1350.0,Caras Severin,O.S. Nera,II ,123C,4114.0,0.52,,,POINT (22.06940556 45.14337778),90,0
245,Cosava Mare,2015,,publica stat,45.13494444,22.06129167,1100.0,1300.0,Caras Severin,O.S. Nera,II ,124A,4111.0,38.86,,,POINT (22.06129167 45.13494444),100,0
246,Cosava Mare,2015,,publica stat,45.13138333,22.058175,1150.0,1300.0,Caras Severin,O.S. Nera,II ,125,4111.0,49.47,,,POINT (22.058175 45.13138333),94,0
247,Cosava Mare,2015,,publica stat,45.13171111,22.06106944,970.0,1300.0,Caras Severin,O.S. Nera,II ,126,4111.0,47.58,,,POINT (22.06106944 45.13171111),100,0
248,Cosava Mare,2015,,publica stat,45.11953611,22.06405556,900.0,1250.0,Caras Severin,O.S. Nera,II ,127,4111.0,39.28,,,POINT (22.06405556 45.11953611),96,0
249,Cosava Mare,2015,,publica stat,45.10947222,22.06211667,900.0,1250.0,Caras Severin,O.S. Nera,II ,128,4111.0,36.89,,,POINT (22.06211667 45.10947222),100,0
250,Cosava Mare,2015,,publica stat,45.10690833,22.06239167,860.0,1200.0,Caras Severin,O.S. Nera,II ,129,4111.0,31.68,,,POINT (22.06239167 45.10690833),89,0
251,Cosava Mare,2015,,publica stat,45.10686111,22.06337222,800.0,1100.0,Caras Severin,O.S. Nera,II ,130A,4111.0,47.84,,,POINT (22.06337222 45.10686111),89,0
252,Cosava Mare,2015,,publica stat,45.107275,22.06082222,900.0,900.0,Caras Severin,O.S. Nera,II ,130B,4111.0,0.53,,,POINT (22.06082222 45.107275),91,0
253,Cosava Mare,2015,,publica stat,45.10787222,22.06146389,920.0,950.0,Caras Severin,O.S. Nera,II ,130C,4111.0,1.47,,,POINT (22.06146389 45.10787222),100,0
254,Cosava Mare,2015,,publica stat,45.10824722,22.06220556,800.0,1000.0,Caras Severin,O.S. Nera,II ,131,4111.0,25.29,,,POINT (22.06220556 45.10824722),100,0
255,Cosava Mare,2015,,publica stat,45.10744722,22.06271111,880.0,1200.0,Caras Severin,O.S. Nera,II ,132A,4111.0,48.13,,,POINT (22.06271111 45.10744722),87,0
256,Cosava Mare,2015,,publica stat,45.10615556,22.06212222,950.0,1150.0,Caras Severin,O.S. Nera,II ,133,4111.0,21.82,,,POINT (22.06212222 45.10615556),99,0
257,Cosava Mare,2015,,publica stat,45.09977222,22.06648056,800.0,1050.0,Caras Severin,O.S. Nera,II ,134,4111.0,32.02,,,POINT (22.06648056 45.09977222),89,0
258,Cosava Mare,2015,,publica stat,45.09803333,22.06625833,780.0,1050.0,Caras Severin,O.S. Nera,II ,135A,4111.0,45.58,,,POINT (22.06625833 45.09803333),83,0
259,Cosava Mare,2015,,publica stat,45.09655833,22.06712778,780.0,1050.0,Caras Severin,O.S. Nera,II ,136,4111.0,35.96,,,POINT (22.06712778 45.09655833),85,0
260,Cosava Mare,2015,,publica stat,45.09316111,22.06567222,770.0,1000.0,Caras Severin,O.S. Nera,II ,137,4111.0,25.84,,,POINT (22.06567222 45.09316111),89,0
261,Cosava Mare,2015,,publica stat,45.08878056,22.06607778,770.0,1000.0,Caras Severin,O.S. Nera,II ,138A,4111.0,26.98,,,POINT (22.06607778 45.08878056),89,0
262,Cosava Mare,2015,,publica stat,45.08715,22.06585556,770.0,1000.0,Caras Severin,O.S. Nera,II ,139A,4111.0,22.85,,,POINT (22.06585556 45.08715),87,0
263,Cosava Mare,2015,,publica stat,45.08366667,22.06492778,750.0,1000.0,Caras Severin,O.S. Nera,II ,140,4111.0,35.44,,,POINT (22.06492778 45.08366667),100,0
264,Cosava Mare,2015,,publica stat,45.07881667,22.06450556,700.0,980.0,Caras Severin,O.S. Nera,II ,141,4111.0,50.67,,,POINT (22.06450556 45.07881667),90,0
265,Cosava Mare,2015,,publica stat,45.06936389,22.05919722,670.0,930.0,Caras Severin,O.S. Nera,II ,142,4114.0,40.72,,,POINT (22.05919722 45.06936389),89,0
266,Cosava Mare,2015,,publica stat,45.06168611,22.05851944,670.0,930.0,Caras Severin,O.S. Nera,II ,143,4114.0,18.58,,,POINT (22.05851944 45.06168611),98,0
267,Nerganiţa,2015,,publica stat,45.08871667,22.07681111,820.0,1050.0,Caras Severin,O.S. Nera,III ,6,4111.0,32.79,,,POINT (22.07681111 45.08871667),100,0
268,Nerganiţa,2015,,publica stat,45.09291667,22.07801111,840.0,1050.0,Caras Severin,O.S. Nera,III ,7,4111.0,27.56,,,POINT (22.07801111 45.09291667),100,0
269,Nerganiţa,2015,,publica stat,45.09778611,22.0807,860.0,1050.0,Caras Severin,O.S. Nera,III ,8,4111.0,53.35,,,POINT (22.0807 45.09778611),100,0
270,Nerganiţa,2015,,publica stat,45.10073333,22.08128056,900.0,1050.0,Caras Severin,O.S. Nera,III ,9,4111.0,47.51,,,POINT (22.08128056 45.10073333),98,0
271,Nerganiţa,2015,,publica stat,45.10333056,22.08021389,940.0,1250.0,Caras Severin,O.S. Nera,III ,10,4111.0,43.68,,,POINT (22.08021389 45.10333056),93,0
272,Nerganiţa,2015,,publica stat,45.10545278,22.08031111,940.0,1250.0,Caras Severin,O.S. Nera,III ,11,4111.0,40.46,,,POINT (22.08031111 45.10545278),100,0
273,Nerganiţa,2015,,publica stat,45.10662778,22.08132778,940.0,1250.0,Caras Severin,O.S. Nera,III ,12,4111.0,20.91,,,POINT (22.08132778 45.10662778),100,0
274,Nerganiţa,2015,,publica stat,45.11100278,22.08346389,940.0,1050.0,Caras Severin,O.S. Nera,III ,13,4111.0,34.73,,,POINT (22.08346389 45.11100278),100,0
275,Nerganiţa,2015,,publica stat,45.12081944,22.081875,980.0,1300.0,Caras Severin,O.S. Nera,III ,14,4111.0,45.58,,,POINT (22.081875 45.12081944),100,0
276,Nerganiţa,2015,,publica stat,45.12389167,22.08216667,980.0,1250.0,Caras Severin,O.S. Nera,III ,15,4111.0,43.66,,,POINT (22.08216667 45.12389167),100,0
277,Nerganiţa,2015,,publica stat,45.12100833,22.08635,980.0,1200.0,Caras Severin,O.S. Nera,III ,16,4111.0,28.06,,,POINT (22.08635 45.12100833),94,0
278,Nerganiţa,2015,,publica stat,45.12295278,22.08510278,1050.0,1100.0,Caras Severin,O.S. Nera,III ,17,4111.0,40.62,,,POINT (22.08510278 45.12295278),100,0
279,Nerganiţa,2015,,publica stat,45.12582778,22.08986389,1050.0,1300.0,Caras Severin,O.S. Nera,III ,18,4111.0,42.97,,,POINT (22.08986389 45.12582778),95,0
280,Nerganiţa,2015,,publica stat,45.13883333,22.09650833,1100.0,1300.0,Caras Severin,O.S. Nera,III ,19,4111.0,38.11,,,POINT (22.09650833 45.13883333),100,0
281,Nerganiţa,2015,,publica stat,45.14251111,22.09142778,1100.0,1300.0,Caras Severin,O.S. Nera,III ,20,4111.0,29.37,,,POINT (22.09142778 45.14251111),89,0
282,Nerganiţa,2015,,publica stat,45.14249167,22.08907222,1100.0,1300.0,Caras Severin,O.S. Nera,III ,21,4111.0,18.78,,,POINT (22.08907222 45.14249167),89,0
283,Nerganiţa,2015,,publica stat,45.14311389,22.083125,1150.0,1350.0,Caras Severin,O.S. Nera,III ,22,4111.0,42.15,,,POINT (22.083125 45.14311389),89,0
284,Nerganiţa,2015,,publica stat,45.14750278,22.07948889,1150.0,1400.0,Caras Severin,O.S. Nera,III ,23A,4111.0,39.14,,,POINT (22.07948889 45.14750278),89,0
285,Nerganiţa,2015,,publica stat,45.14965,22.081525,1150.0,1300.0,Caras Severin,O.S. Nera,III ,24,4111.0,40.35,,,POINT (22.081525 45.14965),85,0
286,Nerganiţa,2015,,publica stat,45.15119444,22.08513056,1150.0,1350.0,Caras Severin,O.S. Nera,III ,25,4114.0,26.49,,,POINT (22.08513056 45.15119444),100,0
287,Nerganiţa,2015,,publica stat,45.15130278,22.08019167,1250.0,1400.0,Caras Severin,O.S. Nera,III ,26,4114.0,53.56,,,POINT (22.08019167 45.15130278),96,0
288,Nerganiţa,2015,,publica stat,45.15706389,22.07301667,1250.0,1400.0,Caras Severin,O.S. Nera,III ,27A,4114.0,38.69,,,POINT (22.07301667 45.15706389),100,0
289,Nerganiţa,2015,,publica stat,45.15883889,22.07566944,1250.0,1400.0,Caras Severin,O.S. Nera,III ,28A,4114.0,15.1,,,POINT (22.07566944 45.15883889),79,0
290,Nerganiţa,2015,,publica stat,45.16108611,22.07625556,1250.0,1400.0,Caras Severin,O.S. Nera,III ,29A,4151.0,46.13,,,POINT (22.07625556 45.16108611),91,0
291,Nerganiţa,2015,,publica stat,45.16328056,22.079025,1300.0,1400.0,Caras Severin,O.S. Nera,III ,30A,4151.0,22.87,,,POINT (22.079025 45.16328056),99,0
292,Nerganiţa,2015,,publica stat,45.16640278,22.07148611,1300.0,1400.0,Caras Severin,O.S. Nera,III ,31,4151.0,17.25,,,POINT (22.07148611 45.16640278),90,16
293,Nerganiţa,2015,,publica stat,45.16292778,22.06686944,1350.0,1400.0,Caras Severin,O.S. Nera,III ,32,4151.0,8.39,,,POINT (22.06686944 45.16292778),90,0
294,Nerganiţa,2015,,publica stat,45.17179444,22.07905833,1350.0,1400.0,Caras Severin,O.S. Nera,III ,38,4151.0,29.1,,,POINT (22.07905833 45.17179444),100,0
295,Nerganiţa,2015,,publica stat,45.16235833,22.08345833,1300.0,1350.0,Caras Severin,O.S. Nera,III ,39A,4114.0,28.15,,,POINT (22.08345833 45.16235833),94,0
296,Nerganiţa,2015,,publica stat,45.15529444,22.08203333,1200.0,1300.0,Caras Severin,O.S. Nera,III ,40,4114.0,42.15,,,POINT (22.08203333 45.15529444),79,0
297,Nerganiţa,2015,,publica stat,45.15566944,22.08836111,1200.0,1300.0,Caras Severin,O.S. Nera,III ,41,4114.0,42.62,,,POINT (22.08836111 45.15566944),85,0
298,Nerganiţa,2015,,publica stat,45.15290278,22.09165,1150.0,1350.0,Caras Severin,O.S. Nera,III ,42,4114.0,25.04,,,POINT (22.09165 45.15290278),83,0
299,Nerganiţa,2015,,publica stat,45.14875278,22.09004444,1100.0,1350.0,Caras Severin,O.S. Nera,III ,43A,4114.0,44.65,,,POINT (22.09004444 45.14875278),85,0
300,Nerganiţa,2015,,publica stat,45.14716667,22.09686111,1100.0,1350.0,Caras Severin,O.S. Nera,III ,44,4111.0,28.82,,,POINT (22.09686111 45.14716667),100,0
301,Nerganiţa,2015,,publica stat,45.14514722,22.09995556,1100.0,1300.0,Caras Severin,O.S. Nera,III ,45,4111.0,25.55,,,POINT (22.09995556 45.14514722),100,0
302,Nerganiţa,2015,,publica stat,45.14115278,22.10385278,1050.0,1200.0,Caras Severin,O.S. Nera,III ,46,4111.0,50.63,,,POINT (22.10385278 45.14115278),100,0
303,Nerganiţa,2015,,publica stat,45.13833611,22.10630556,1100.0,1300.0,Caras Severin,O.S. Nera,III ,47,4111.0,23.92,,,POINT (22.10630556 45.13833611),100,0
304,Nerganiţa,2015,,publica stat,45.14669444,22.10504167,1200.0,1400.0,Caras Severin,O.S. Nera,III ,48A,4111.0,18.14,,,POINT (22.10504167 45.14669444),100,0
305,Nerganiţa,2015,,publica stat,45.14823333,22.10929444,1200.0,1350.0,Caras Severin,O.S. Nera,III ,49A,4111.0,44.83,,,POINT (22.10929444 45.14823333),76,0
306,Nerganiţa,2015,,publica stat,45.13513889,22.10690556,1100.0,1200.0,Caras Severin,O.S. Nera,III ,50,4111.0,39.98,,,POINT (22.10690556 45.13513889),100,0
307,Nerganiţa,2015,,publica stat,45.13165833,22.10793889,1100.0,1300.0,Caras Severin,O.S. Nera,III ,51,4111.0,38.19,,,POINT (22.10793889 45.13165833),100,0
308,Nerganiţa,2015,,publica stat,45.12755,22.10118889,1050.0,1200.0,Caras Severin,O.S. Nera,III ,52,4111.0,39.6,,,POINT (22.10118889 45.12755),98,0
309,Nerganiţa,2015,,publica stat,45.12290556,22.09531944,1000.0,1200.0,Caras Severin,O.S. Nera,III ,53,4111.0,45.94,,,POINT (22.09531944 45.12290556),87,0
310,Nerganiţa,2015,,publica stat,45.11760278,22.09083889,950.0,1200.0,Caras Severin,O.S. Nera,III ,54A,4111.0,42.25,,,POINT (22.09083889 45.11760278),96,0
311,Nerganiţa,2015,,publica stat,45.11399444,22.09178611,920.0,1150.0,Caras Severin,O.S. Nera,III ,55A,4111.0,30.87,,,POINT (22.09178611 45.11399444),96,0
312,Nerganiţa,2015,,publica stat,45.10873611,22.08831111,900.0,1150.0,Caras Severin,O.S. Nera,III ,56,4111.0,50.21,,,POINT (22.08831111 45.10873611),97,0
313,Nerganiţa,2015,,publica stat,45.09773056,22.08570556,880.0,1110.0,Caras Severin,O.S. Nera,III ,57,4111.0,37.05,,,POINT (22.08570556 45.09773056),90,0
314,Nerganiţa,2015,,publica stat,45.09616667,22.08740556,840.0,1050.0,Caras Severin,O.S. Nera,III ,58,4111.0,55.77,,,POINT (22.08740556 45.09616667),100,0
315,Nerganiţa,2015,,publica stat,45.093425,22.08541389,840.0,1050.0,Caras Severin,O.S. Nera,III ,59,4111.0,21.25,,,POINT (22.08541389 45.093425),85,0
316,Nerganiţa,2015,,publica stat,45.09085556,22.08310833,840.0,1050.0,Caras Severin,O.S. Nera,III ,60A,4111.0,36.38,,,POINT (22.08310833 45.09085556),85,0
317,Nerganiţa,2015,,publica stat,45.08563611,22.08314167,820.0,1050.0,Caras Severin,O.S. Nera,III ,61A,4111.0,33.25,,,POINT (22.08314167 45.08563611),100,0
318,Nerganiţa,2015,,publica stat,45.07968611,22.08702222,750.0,1050.0,Caras Severin,O.S. Nera,III ,62A,4111.0,45.64,,,POINT (22.08702222 45.07968611),89,0
319,Nerganiţa,2015,,publica stat,45.075325,22.08656389,780.0,920.0,Caras Severin,O.S. Nera,III ,63A,4111.0,26.46,,,POINT (22.08656389 45.075325),90,0
320,Varcipolea,2015,,publica stat,44.83475,22.40896389,920.0,1050.0,Caras Severin,O.S. Nera,V ,88A,4111.0,41.8,,,POINT (22.40896389 44.83475),82,0
321,Varcipolea,2015,,publica stat,44.83310278,22.24222222,930.0,930.0,Caras Severin,O.S. Nera,V ,88B,4114.0,0.64,,,POINT (22.24222222 44.83310278),75,0
322,Varcipolea,2015,,publica stat,44.83606389,22.23698056,950.0,950.0,Caras Severin,O.S. Nera,V ,88C,4114.0,2.12,,,POINT (22.23698056 44.83606389),0,0
323,Straneac,2015,,publica stat,44.813975,22.23155833,950.0,1100.0,Caras Severin,O.S. Nera,V ,111A,4111.0,47.78,,,POINT (22.23155833 44.813975),90,0
324,Straneac,2015,,publica stat,44.82290556,22.222925,940.0,940.0,Caras Severin,O.S. Nera,V ,111B,4111.0,0.23,,,POINT (22.222925 44.82290556),87,0
325,Straneac,2015,,publica stat,44.81692778,22.22279167,940.0,1000.0,Caras Severin,O.S. Nera,V ,112A,4111.0,36.76,,,POINT (22.22279167 44.81692778),85,0
326,Straneac,2015,,publica stat,44.82007778,22.22246389,960.0,960.0,Caras Severin,O.S. Nera,V ,112B,4111.0,0.95,,,POINT (22.22246389 44.82007778),86,0
327,Straneac,2015,,publica stat,44.82703333,22.19778889,980.0,1100.0,Caras Severin,O.S. Nera,V ,120A,4111.0,21.42,,,POINT (22.19778889 44.82703333),100,0
328,Straneac,2015,,publica stat,44.83111111,22.19639722,960.0,1050.0,Caras Severin,O.S. Nera,V ,121A,4111.0,45.05,,,POINT (22.19639722 44.83111111),85,0
329,Straneac,2015,,publica stat,44.83057222,22.19042222,980.0,980.0,Caras Severin,O.S. Nera,V ,121B,4111.0,4.66,,,POINT (22.19042222 44.83057222),100,0
330,Meleia,2015,,publica stat,45.59444444,23.3525,1050.0,1330.0,Hunedoara,O.S. Gradiste,IV,101A,4111.0,21.28,,,POINT (23.3525 45.59444444),89,0
331,Vl. Mica,2015,,publica stat,45.59777778,23.24361111,900.0,1150.0,Hunedoara,O.S. Gradiste,IV,169,4114.0,34.64,,,POINT (23.24361111 45.59777778),89,0
332,Vl. Mica,2015,,publica stat,45.60166667,23.2375,1040.0,1040.0,Hunedoara,O.S. Gradiste,IV,170A,4141.0,8.57,,,POINT (23.2375 45.60166667),86,0
333,Vl. Mica,2015,,publica stat,45.60444444,23.23555556,760.0,860.0,Hunedoara,O.S. Gradiste,IV,170B,4114.0,3.36,,,POINT (23.23555556 45.60444444),87,0
334,Vl. Mica,2015,,publica stat,45.59888889,23.23416667,770.0,1040.0,Hunedoara,O.S. Gradiste,IV,171A,4141.0,15.77,,,POINT (23.23416667 45.59888889),90,0
335,Vl. Mica,2015,,publica stat,45.59527778,23.24222222,920.0,1140.0,Hunedoara,O.S. Gradiste,IV,172A,4114.0,18.95,,,POINT (23.24222222 45.59527778),87,0
336,Vl. Mica,2015,,publica stat,45.59305556,23.23,910.0,1040.0,Hunedoara,O.S. Gradiste,IV,172C,4161.0,2.71,,,POINT (23.23 45.59305556),85,0
337,Vl. Mica,2015,,publica stat,45.59305556,23.2325,1010.0,1110.0,Hunedoara,O.S. Gradiste,IV,174B,4161.0,2.95,,,POINT (23.2325 45.59305556),87,0
338,Vl. Mica,2015,,publica stat,45.59944444,23.22027778,750.0,1100.0,Hunedoara,O.S. Gradiste,IV,179A,4114.0,28.96,179A,3.5,POINT (23.22027778 45.59944444),90,0
339,Vl. Mica,2015,,publica stat,45.68722222,23.19277778,760.0,990.0,Hunedoara,O.S. Gradiste,VI,44A,4114.0,6.68,,,POINT (23.19277778 45.68722222),90,0
340,Vl. Mica,2015,,publica stat,45.68833333,23.18777778,510.0,1050.0,Hunedoara,O.S. Gradiste,VI,44B,4243.0,45.25,,,POINT (23.18777778 45.68833333),85,0
341,Vl. Mica,2015,,publica stat,45.685,23.19277778,700.0,810.0,Hunedoara,O.S. Gradiste,VI,44C,4243.0,2.11,,,POINT (23.19277778 45.685),89,0
342,Lacurel,2016,,publica stat,45.44611111,22.82111111,570.0,1150.0,Hunedoara,O.S.Retezat,IV,215,5261.0,33.88,,,POINT (22.82111111 45.44611111),90,0
343,Lacurel,2016,,publica stat,45.44333333,22.82444444,610.0,1020.0,Hunedoara,O.S.Retezat,IV,216A,5261.0,17.32,,,POINT (22.82444444 45.44333333),99,0
344,Lacurel,2016,,publica stat,45.44166667,22.82722222,700.0,950.0,Hunedoara,O.S.Retezat,IV,216B,4213.0,8.34,,,POINT (22.82722222 45.44166667),100,0
345,Tabla,2016,,publica stat,45.43416667,22.75,600.0,1390.0,Hunedoara,O.S.Retezat,IV,232,4114.0,22.19,232,11.1,POINT (22.75 45.43416667),0,0
346,Tabla,2016,,publica stat,45.43722222,22.7925,600.0,1240.0,Hunedoara,O.S.Retezat,IV,233,4114.0,29.37,233,14.69,POINT (22.7925 45.43722222),85,0
347,Tabla,2016,,publica stat,45.43888889,22.7875,760.0,1120.0,Hunedoara,O.S.Retezat,IV,234,4116.0,35.24,234,17.62,POINT (22.7875 45.43888889),85,0
348,Scheiu,2016,,publica stat,45.29111111,22.62277778,1470.0,1700.0,Caras Severin,O.S.Retezat,IV,574,1153.0,50.41,,,POINT (22.62277778 45.29111111),98,0
349,Scheiu,2016,,publica stat,45.28472222,22.63583333,1290.0,1615.0,Caras Severin,O.S.Retezat,IV,575,1115.0,31.52,,,POINT (22.63583333 45.28472222),82,0
350,Scheiu,2016,,publica stat,45.2925,22.64138889,1215.0,1700.0,Caras Severin,O.S.Retezat,IV,577A,1115.0,11.54,,,POINT (22.64138889 45.2925),85,0
351,Scheiu,2016,,publica stat,45.29527778,22.63777778,1215.0,1575.0,Caras Severin,O.S.Retezat,IV,577B,1154.0,2.21,,,POINT (22.63777778 45.29527778),85,0
352,Scheiu,2016,,publica stat,45.29027778,22.64138889,1235.0,1655.0,Caras Severin,O.S.Retezat,IV,577C,1115.0,15.79,,,POINT (22.64138889 45.29027778),96,0
353,Scheiu,2016,,publica stat,45.28916667,22.63944444,1255.0,1625.0,Caras Severin,O.S.Retezat,IV,577D,1115.0,3.32,,,POINT (22.63944444 45.28916667),71,0
